canal,linea_norm,linea_original,documentos,primer_cierre,ultimo_cierre,ejemplo_monto
La Red,ingresos de operacion,Ingresos de operación,28,2017-12-31,2026-06-30,6162402
La Red,ingresos de operacion - canje,Ingresos de operación - canje,23,2019-12-31,2025-12-31,26138
La Red,ingresos de operacion - canje ],Ingresos de operación - canje ],1,2017-12-31,2017-12-31,12230
La Red,otros ingresos de operacion,Otros ingresos de operación (*),28,2017-12-31,2026-06-30,191300
TV+,arriendo de estudios,Arriendo de estudios,13,2019-12-31,2023-12-31,35112
TV+,arriendo espacio de transmision,Arriendo espacio de transmisión,5,2023-12-31,2026-03-31,1133192
TV+,arriendo infomerciales,Arriendo infomerciales,6,2022-09-30,2026-06-30,651000
TV+,arriendodeestudios,Arriendodeestudios,1,2021-12-31,2021-12-31,32056
TV+,arriendoinfomerciales,Arriendoinfomerciales,1,2022-06-30,2022-06-30,428400
TV+,cuentas canje,Cuentas Canje,2,2020-09-30,2021-09-30,230657
TV+,cuentas canjes,Cuentas canjes,2,2022-09-30,2023-09-30,236524
TV+,espacio de transmision,Espacio de transmisión,18,2019-12-31,2025-09-30,40228
TV+,espaciodetransmision,Espaciodetransmisión,1,2021-12-31,2021-12-31,84988
TV+,espacios de transmision,Espacios de transmisión,1,2023-09-30,2023-09-30,0
TV+,otros negocios,Otros negocios,26,2019-12-31,2026-06-30,1947
TV+,otrosnegocios,Otrosnegocios,1,2021-12-31,2021-12-31,68155
TV+,servicio de administracion,Servicio de administración,4,2019-12-31,2022-03-31,5228
TV+,serviciodeadministracion,Serviciodeadministración,1,2021-12-31,2021-12-31,0
TV+,servicios de administracion,Servicios de administración,1,2020-03-31,2020-03-31,11400
TV+,venta canje,Venta canje,3,2021-03-31,2023-06-30,8200
TV+,venta canje vtr,Venta canje VTR,1,2021-03-31,2021-03-31,50437
TV+,venta de canje,Venta de canje,1,2023-03-31,2023-03-31,38610
TV+,venta de infomerciales,Venta de infomerciales,2,2020-06-30,2023-03-31,631711
TV+,venta de publicidad,Venta de publicidad,3,2024-03-31,2025-09-30,519777
TV+,venta infomerciales,Venta infomerciales,6,2019-12-31,2022-12-31,1729769
TV+,venta publicidad,Venta publicidad,1,2023-03-31,2023-03-31,725639
TV+,ventainfomerciales,Ventainfomerciales,1,2021-12-31,2021-12-31,1080808
TV+,ventas de infomerciales,Ventas de infomerciales,3,2020-03-31,2021-09-30,353099
TV+,ventas de publicidad,Ventas de publicidad,18,2019-12-31,2026-06-30,1709357
TV+,ventas de tv,Ventas de tv,4,2020-09-30,2023-09-30,1715229
TV+,ventas de vtr,Ventas de VTR,2,2022-03-31,2023-03-31,43892
TV+,ventas television,Ventas Televisión,1,2017-12-31,2017-12-31,1843830
TV+,ventasdepublicidad,Ventasdepublicidad,1,2021-12-31,2021-12-31,4283508
