canal,fecha_cierre,documento,tipo_periodo,rol,inicio,fin,orden,es_total,linea_original,monto,pagina,fuente_texto,estado_doc,nota_fuente
Canal 13,2019-12-31,data/raw/pdf/Canal 13/28617/archivo(3).pdf,anual,actual,2019-01-01,2019-12-31,0,False,Costos de Publicidad Exhibida,-55065722,90,manual,MANUAL,"Nota 22 del EEFF dic-2019 (escaneado), transcrita por C. Buzeta el 1-oct-2026. Cuadra: las cuatro líneas suman el total, y el total es igual al costo de ventas del estado de resultados del mismo EEFF."
Canal 13,2019-12-31,data/raw/pdf/Canal 13/28617/archivo(3).pdf,anual,comparativo,2018-01-01,2018-12-31,0,False,Costos de Publicidad Exhibida,-44839520,90,manual,MANUAL,"Nota 22 del EEFF dic-2019 (escaneado), transcrita por C. Buzeta el 1-oct-2026. Cuadra: las cuatro líneas suman el total, y el total es igual al costo de ventas del estado de resultados del mismo EEFF."
Canal 13,2019-12-31,data/raw/pdf/Canal 13/28617/archivo(3).pdf,anual,actual,2019-01-01,2019-12-31,1,False,Costos de Mantenciones Técnicas (a),-4346768,90,manual,MANUAL,"Nota 22 del EEFF dic-2019 (escaneado), transcrita por C. Buzeta el 1-oct-2026. Cuadra: las cuatro líneas suman el total, y el total es igual al costo de ventas del estado de resultados del mismo EEFF."
Canal 13,2019-12-31,data/raw/pdf/Canal 13/28617/archivo(3).pdf,anual,comparativo,2018-01-01,2018-12-31,1,False,Costos de Mantenciones Técnicas (a),-4125785,90,manual,MANUAL,"Nota 22 del EEFF dic-2019 (escaneado), transcrita por C. Buzeta el 1-oct-2026. Cuadra: las cuatro líneas suman el total, y el total es igual al costo de ventas del estado de resultados del mismo EEFF."
Canal 13,2019-12-31,data/raw/pdf/Canal 13/28617/archivo(3).pdf,anual,actual,2019-01-01,2019-12-31,2,False,Costos por Bonificación Agencia,-1776742,90,manual,MANUAL,"Nota 22 del EEFF dic-2019 (escaneado), transcrita por C. Buzeta el 1-oct-2026. Cuadra: las cuatro líneas suman el total, y el total es igual al costo de ventas del estado de resultados del mismo EEFF."
Canal 13,2019-12-31,data/raw/pdf/Canal 13/28617/archivo(3).pdf,anual,comparativo,2018-01-01,2018-12-31,2,False,Costos por Bonificación Agencia,-2799791,90,manual,MANUAL,"Nota 22 del EEFF dic-2019 (escaneado), transcrita por C. Buzeta el 1-oct-2026. Cuadra: las cuatro líneas suman el total, y el total es igual al costo de ventas del estado de resultados del mismo EEFF."
Canal 13,2019-12-31,data/raw/pdf/Canal 13/28617/archivo(3).pdf,anual,actual,2019-01-01,2019-12-31,3,False,Otros costos de explotación,-4127922,90,manual,MANUAL,"Nota 22 del EEFF dic-2019 (escaneado), transcrita por C. Buzeta el 1-oct-2026. Cuadra: las cuatro líneas suman el total, y el total es igual al costo de ventas del estado de resultados del mismo EEFF."
Canal 13,2019-12-31,data/raw/pdf/Canal 13/28617/archivo(3).pdf,anual,comparativo,2018-01-01,2018-12-31,3,False,Otros costos de explotación,-12216393,90,manual,MANUAL,"Nota 22 del EEFF dic-2019 (escaneado), transcrita por C. Buzeta el 1-oct-2026. Cuadra: las cuatro líneas suman el total, y el total es igual al costo de ventas del estado de resultados del mismo EEFF."
Canal 13,2019-12-31,data/raw/pdf/Canal 13/28617/archivo(3).pdf,anual,actual,2019-01-01,2019-12-31,4,True,Totales,-65317154,90,manual,MANUAL,"Nota 22 del EEFF dic-2019 (escaneado), transcrita por C. Buzeta el 1-oct-2026. Cuadra: las cuatro líneas suman el total, y el total es igual al costo de ventas del estado de resultados del mismo EEFF."
Canal 13,2019-12-31,data/raw/pdf/Canal 13/28617/archivo(3).pdf,anual,comparativo,2018-01-01,2018-12-31,4,True,Totales,-63981489,90,manual,MANUAL,"Nota 22 del EEFF dic-2019 (escaneado), transcrita por C. Buzeta el 1-oct-2026. Cuadra: las cuatro líneas suman el total, y el total es igual al costo de ventas del estado de resultados del mismo EEFF."
