canal,carpeta,archivo,articulo,url_articulo,bytes,sha256
Canal 13,Canal 13,articles-101639_recurso_1.zip,101639,https://www.cmfchile.cl/portal/estadisticas/617/w4-article-101639.html,1369962,f1e16250532a65e2039abfdbce124283eed8d8383b2a8979a192bff301ad00a6
Canal 13,Canal 13,articles-109182_recurso_1.zip,109182,https://www.cmfchile.cl/portal/estadisticas/617/w4-article-109182.html,2499119,960ee877853032e2147625fee8508b47f955e4948babec36ccc21853a0d3922b
Canal 13,Canal 13,articles-111123_recurso_1.zip,111123,https://www.cmfchile.cl/portal/estadisticas/617/w4-article-111123.html,2168030,80bb2edb09d9a1a101416c4c62810750c60e85b469edc070943a72db636d2343
Canal 13,Canal 13,articles-113709_recurso_1.zip,113709,https://www.cmfchile.cl/portal/estadisticas/617/w4-article-113709.html,2081465,796090c89c8978d1ebdb0d0bcce1644486682c7128e04d076c87771c15018cdb
Canal 13,Canal 13,articles-28617_recurso_1.zip,28617,https://www.cmfchile.cl/portal/estadisticas/617/w4-article-28617.html,3386018,1bc1dabeef7ba8e7fb0c7988f2edb9aba07de565069a60fb387ed5d96944127a
Canal 13,Canal 13,articles-29049_recurso_1.zip,29049,https://www.cmfchile.cl/portal/estadisticas/617/w4-article-29049.html,5606087,84586e5e24971ffdb9fa97f5a8e7493984fb5c2e8af9dcd37695df0f234190fa
Canal 13,Canal 13,articles-29080_recurso_1.zip,29080,https://www.cmfchile.cl/portal/estadisticas/617/w4-article-29080.html,18651796,ebd7be587d49414e9fa2f585c6d1a3a551c419010968990cd5ec2566b03dcc4e
Canal 13,Canal 13,articles-29819_recurso_1.zip,29819,https://www.cmfchile.cl/portal/estadisticas/617/w4-article-29819.html,1324067,dc003e4cc6fff6cb01b3f54f8d2ff49078a94bcd2bfc8ef95f171a5dae29c874
Canal 13,Canal 13,articles-38818_recurso_1.zip,38818,https://www.cmfchile.cl/portal/estadisticas/617/w4-article-38818.html,1917064,3254dde886cd4e970891b8ee365979ee79a5e45ddd28859a53fad388145f2ff6
Canal 13,Canal 13,articles-47350_recurso_1.zip,47350,https://www.cmfchile.cl/portal/estadisticas/617/w4-article-47350.html,1539067,b1c83f669870e9660c4b41d659cd0ff9f13cab38160fbceea59240212b368636
Canal 13,Canal 13,articles-47714_recurso_1.zip,47714,https://www.cmfchile.cl/portal/estadisticas/617/w4-article-47714.html,4799164,85c55519f47d0f4fbffb16d376d44de27a591ba25d0eaa4a63d9675000e80cd1
Canal 13,Canal 13,articles-49397_recurso_1.zip,49397,https://www.cmfchile.cl/portal/estadisticas/617/w4-article-49397.html,1820286,ce81334ef5918956d181ead41c109836ab7fc07817add7172ee58b92d262eb9c
Canal 13,Canal 13,articles-49903_recurso_1.zip,49903,https://www.cmfchile.cl/portal/estadisticas/617/w4-article-49903.html,2322537,84697fdc2aed55a6d6b20340e5e0e1d678eecd7a0595a639a07007f1d1485bd2
Canal 13,Canal 13,articles-50693_recurso_1.zip,50693,https://www.cmfchile.cl/portal/estadisticas/617/w4-article-50693.html,15223242,7913225735325f1b1fb45269985b690903db2f89bfba5db72e95f31be347ca9c
Canal 13,Canal 13,articles-51266_recurso_1.zip,51266,https://www.cmfchile.cl/portal/estadisticas/617/w4-article-51266.html,2355254,c3fa13ccda1c1383eed7541f6cf361e2e803bb8cc43a8eac4f95dcdbf84ee9b1
Canal 13,Canal 13,articles-53286_recurso_1.zip,53286,https://www.cmfchile.cl/portal/estadisticas/617/w4-article-53286.html,2083410,178a1b067a039bc723fe76b6d9627ac26eea1d25c94809ba93323f10a9daa9d9
Canal 13,Canal 13,articles-57118_recurso_1.zip,57118,https://www.cmfchile.cl/portal/estadisticas/617/w4-article-57118.html,5217242,44b507a78f013770b670fba32ed32e11534aa2f91a514851cae0850d57463633
Canal 13,Canal 13,articles-68977_recurso_1.zip,68977,https://www.cmfchile.cl/portal/estadisticas/617/w4-article-68977.html,2147010,a74e22c6f137801711fa82ffeb1f13ed6ab6a139f6c8cfb2058e58df02c56604
Canal 13,Canal 13,articles-70644_recurso_1.zip,70644,https://www.cmfchile.cl/portal/estadisticas/617/w4-article-70644.html,2226410,efe156fb8a40b9099689bb32c9d8d41b2134dc3a85d3a1c1c85352ba1b077126
Canal 13,Canal 13,articles-73693_recurso_1.zip,73693,https://www.cmfchile.cl/portal/estadisticas/617/w4-article-73693.html,2331742,0741c39d12856e6c8ba7e717f7c436df4f4e25819a8a8b85b91ef7988a7bdd79
Canal 13,Canal 13,articles-75889_recurso_1.zip,75889,https://www.cmfchile.cl/portal/estadisticas/617/w4-article-75889.html,2649511,4ec8920c411facb1d238fb7589219f2d2cff63ec8f55338e3d1acb5f251e215b
Canal 13,Canal 13,articles-79944_recurso_1.zip,79944,https://www.cmfchile.cl/portal/estadisticas/617/w4-article-79944.html,1978465,9794e9a41f01903f2658c67b19103062fda00c2ac8d63f594acf25adfeee98e6
Canal 13,Canal 13,articles-82002_recurso_1.zip,82002,https://www.cmfchile.cl/portal/estadisticas/617/w4-article-82002.html,2640477,5ca92383d62eff11537bfdf269562e5188b1cf7cc8492ef53b3842f3e72b7559
Canal 13,Canal 13,articles-85354_recurso_1.zip,85354,https://www.cmfchile.cl/portal/estadisticas/617/w4-article-85354.html,1717438,fa3f6585895c448991f9f58e4f6c055c9db7415fb9a58e21846382c08e13a23c
Canal 13,Canal 13,articles-88266_recurso_1.zip,88266,https://www.cmfchile.cl/portal/estadisticas/617/w4-article-88266.html,3721035,7e3ba7307e2680e3e4c9dcbcfbcbe237fb0adb551c9006dcae41975cee157dad
Canal 13,Canal 13,articles-93013_recurso_1.zip,93013,https://www.cmfchile.cl/portal/estadisticas/617/w4-article-93013.html,3365444,fa94351b6028c18bd22c47f3fcd2c64936dca71ef2e42610300b90bff60b9550
Canal 13,Canal 13,articles-95045_recurso_1.zip,95045,https://www.cmfchile.cl/portal/estadisticas/617/w4-article-95045.html,21431885,1cf53d11bf4ce388230c0c55b4f324082d064f4cd0c07b1596839cf856200884
Canal 13,Canal 13,articles-98820_recurso_1.zip,98820,https://www.cmfchile.cl/portal/estadisticas/617/w4-article-98820.html,3434556,7a1b929e5ac900641880b79cfcd7085835e10eccaf085d4b1cc1471306745e55
Mega,Megamedia,articles-101641_recurso_1.zip,101641,https://www.cmfchile.cl/portal/estadisticas/617/w4-article-101641.html,2430175,44ce0fd8c579cc1b67197f660b91251ec8b52732f9da65cf92b1d67e4931bc18
Mega,Megamedia,articles-109207_recurso_1.zip,109207,https://www.cmfchile.cl/portal/estadisticas/617/w4-article-109207.html,2393550,5e13311e49df78750ab1e06192d6cdc17d18b168fc237abcf21ced3598ba98c4
Mega,Megamedia,articles-111125_recurso_1.zip,111125,https://www.cmfchile.cl/portal/estadisticas/617/w4-article-111125.html,2306185,a8300f91eb0bc223836fa26955d2b486bdabde2e63e52d42b1e9b33ce1354a29
Mega,Megamedia,articles-113710_recurso_1.zip,113710,https://www.cmfchile.cl/portal/estadisticas/617/w4-article-113710.html,1870416,c99ee474e43d4b6f17ba815d950afe80d72b67904fee8fb555d35a47b71bb307
Mega,Megamedia,articles-28606_recurso_1.zip,28606,https://www.cmfchile.cl/portal/estadisticas/617/w4-article-28606.html,2033669,87809ffbbeff6b409b923de42fe845f64c6724f7b593276e2e56df7815c0f971
Mega,Megamedia,articles-29051_recurso_1.zip,29051,https://www.cmfchile.cl/portal/estadisticas/617/w4-article-29051.html,1775350,e838b3988760eff2d0f61ea63304b84e418ac4521b16bee825a0fecbb197ba35
Mega,Megamedia,articles-29085_recurso_1.pdf,29085,https://www.cmfchile.cl/portal/estadisticas/617/w4-article-29085.html,18305313,b0ce89b2b9ba0ff1d458e3f84fb27a5b216b3d2399f183b35e6897f3fc07e7ed
Mega,Megamedia,articles-29822_recurso_1.zip,29822,https://www.cmfchile.cl/portal/estadisticas/617/w4-article-29822.html,1765764,57eb26f4a34ed464c27600fc1af137b0bd8e11de6073cb6502425faa694076cf
Mega,Megamedia,articles-38819_recurso_1.zip,38819,https://www.cmfchile.cl/portal/estadisticas/617/w4-article-38819.html,2124889,d42f3a20065ac65dc33d4c5f55452640e059f87f2257161f27d04c61789fb13e
Mega,Megamedia,articles-47352_recurso_1.zip,47352,https://www.cmfchile.cl/portal/estadisticas/617/w4-article-47352.html,1661660,099df93230c52fd73dcca7c54df304adb44f47a48031f08f6fdc8600b7d10546
Mega,Megamedia,articles-47717_recurso_1.zip,47717,https://www.cmfchile.cl/portal/estadisticas/617/w4-article-47717.html,1479417,38b313bf1d27dc427db7443c497ccdb16e38dd2b7a4cb775ea32c9d143741e7f
Mega,Megamedia,articles-49403_recurso_1.zip,49403,https://www.cmfchile.cl/portal/estadisticas/617/w4-article-49403.html,1520880,db572c6ebbd4261a95f0fa870e92f6d1f5b8491e5c27feeafbbbb0fee249fd76
Mega,Megamedia,articles-49907_recurso_1.zip,49907,https://www.cmfchile.cl/portal/estadisticas/617/w4-article-49907.html,1494010,59623466304a5ff58e721a6f6013ba87322f75bf5c4c4815f2c16b12d1793d96
Mega,Megamedia,articles-50699_recurso_1.zip,50699,https://www.cmfchile.cl/portal/estadisticas/617/w4-article-50699.html,16094466,99e2809f495e5c5da957b719febb39b944acb619a3b3aa72d06de5b310558ccf
Mega,Megamedia,articles-51272_recurso_1.zip,51272,https://www.cmfchile.cl/portal/estadisticas/617/w4-article-51272.html,1390732,15dab4f5f699e2d72c40ddbb85b0e823f78c5c946483ef9596a3ce9bfd438e97
Mega,Megamedia,articles-53293_recurso_1.zip,53293,https://www.cmfchile.cl/portal/estadisticas/617/w4-article-53293.html,1595243,b3569cf59e1e3a6bdd722ca68871c1f05e03ccc4e6d41ebd009941f66d3f78b1
Mega,Megamedia,articles-57125_recurso_1.zip,57125,https://www.cmfchile.cl/portal/estadisticas/617/w4-article-57125.html,1800958,f30236eab2133c610580426e20e0784dac6104c40c95571e7b765242767300ee
Mega,Megamedia,articles-68984_recurso_1.zip,68984,https://www.cmfchile.cl/portal/estadisticas/617/w4-article-68984.html,1324380,03c62a8b309d81bc02778c2e76576e3892c8688a3a5753bad300b60c7b9ce6eb
Mega,Megamedia,articles-70646_recurso_1.zip,70646,https://www.cmfchile.cl/portal/estadisticas/617/w4-article-70646.html,1089641,5d7a73b8380efd4f42f2bfcaa438fa218fb110800e577a2d5e5e9fd8efbeb38a
Mega,Megamedia,articles-73702_recurso_1.zip,73702,https://www.cmfchile.cl/portal/estadisticas/617/w4-article-73702.html,2085700,01dc9b1bc7256ae8bbe11777747ef3899b96b7afc7478691badb898a31e2e177
Mega,Megamedia,articles-75893_recurso_1.zip,75893,https://www.cmfchile.cl/portal/estadisticas/617/w4-article-75893.html,1774503,9669739cfd1a10a7d07c689b7db1316ef3b2fc5e722589ddd879ba232c0e5344
Mega,Megamedia,articles-79942_recurso_1.zip,79942,https://www.cmfchile.cl/portal/estadisticas/617/w4-article-79942.html,1710412,2d0551b9a6cedba38b17b513a04618d48c591f565d54c2c70db188ad7a54ce86
Mega,Megamedia,articles-82007_recurso_1.zip,82007,https://www.cmfchile.cl/portal/estadisticas/617/w4-article-82007.html,1365438,227ceaff092d531ca1334d6542fa139927ab02eddfbbb4b3940fc20e9220418d
Mega,Megamedia,articles-85360_recurso_1.zip,85360,https://www.cmfchile.cl/portal/estadisticas/617/w4-article-85360.html,2231276,b7d5c16a00324a52dabea4641cf2757f620c360ca7b4c17305415862d9e12f78
Mega,Megamedia,articles-88269_recurso_1.zip,88269,https://www.cmfchile.cl/portal/estadisticas/617/w4-article-88269.html,1897739,0056990c76d1245be62ccb632e2cfa2de04a438b687d75e09bd4f534f1df4a84
Mega,Megamedia,articles-93019_recurso_1.zip,93019,https://www.cmfchile.cl/portal/estadisticas/617/w4-article-93019.html,1699825,ef294a0d87047376460df2f0757330468831878253986996efb357ebc41927da
Mega,Megamedia,articles-95052_recurso_1.zip,95052,https://www.cmfchile.cl/portal/estadisticas/617/w4-article-95052.html,1463232,58119ebb137daeecdf885264420d155549a6d72e032072d95aa0ba51d68263d9
Mega,Megamedia,articles-98823_recurso_1.zip,98823,https://www.cmfchile.cl/portal/estadisticas/617/w4-article-98823.html,2540928,a64329369ca5c1dc5f9db9cc74bd62fed066f074eead39469753fe65ed7699a4
Chilevisión,Chilevisión,articles-101642_recurso_1.zip,101642,https://www.cmfchile.cl/portal/estadisticas/617/w4-article-101642.html,2006748,e9c13c5f853ac175f6c16de6498f9553763aab3d255eb2fdf8da635d2695e303
Chilevisión,Chilevisión,articles-109184_recurso_1.zip,109184,https://www.cmfchile.cl/portal/estadisticas/617/w4-article-109184.html,3167642,90fcb620ed976026f370b6f04606e258ba471f07ce2a681e8215b67c9c969d94
Chilevisión,Chilevisión,articles-111126_recurso_1.zip,111126,https://www.cmfchile.cl/portal/estadisticas/617/w4-article-111126.html,3808329,1c02a65481031e25aac791f5b0267222d56748a628e88817a8e69a564fce6cd1
Chilevisión,Chilevisión,articles-113714_recurso_1.zip,113714,https://www.cmfchile.cl/portal/estadisticas/617/w4-article-113714.html,2394793,37ae33cad0ba2e049e5ad9cade25382d28fba08c12e8e15dd3d02d161c27aca7
Chilevisión,Chilevisión,articles-28710_recurso_1.zip,28710,https://www.cmfchile.cl/portal/estadisticas/617/w4-article-28710.html,1257670,79c28e9900f1b33f049d5a54212c0ca306e4279e559c474a2aa5c637ba0cc564
Chilevisión,Chilevisión,articles-29052_recurso_1.zip,29052,https://www.cmfchile.cl/portal/estadisticas/617/w4-article-29052.html,2866603,feb510ef060231a429f0598a543e1da7895c007832314d7888feea15f31afbaf
Chilevisión,Chilevisión,articles-29083_recurso_1.pdf,29083,https://www.cmfchile.cl/portal/estadisticas/617/w4-article-29083.html,1683625,a9db08e891aa51ce11fdc86606fadefcdea731b3ff0af7bb871f6465189e531a
Chilevisión,Chilevisión,articles-29823_recurso_1.zip,29823,https://www.cmfchile.cl/portal/estadisticas/617/w4-article-29823.html,2020429,5d3adaaeeebdda8b4178eb5098aaff355b95444927fb57066aa6624ea4444c12
Chilevisión,Chilevisión,articles-38815_recurso_1.zip,38815,https://www.cmfchile.cl/portal/estadisticas/617/w4-article-38815.html,3030278,f00038eab3310b3990dd5f5657137a1dc7dbd932d35ae69ca2ca9f501ad1ffd0
Chilevisión,Chilevisión,articles-47353_recurso_1.zip,47353,https://www.cmfchile.cl/portal/estadisticas/617/w4-article-47353.html,2090562,61c33ee3d25186055fa21eb9a45c093f880e3dfaa5c937ebf0267859eae12174
Chilevisión,Chilevisión,articles-47716_recurso_1.zip,47716,https://www.cmfchile.cl/portal/estadisticas/617/w4-article-47716.html,2800118,fb8f69e030bd0410cf2be0789684220fec4da1958496d5d0f3b2884301005351
Chilevisión,Chilevisión,articles-49401_recurso_1.zip,49401,https://www.cmfchile.cl/portal/estadisticas/617/w4-article-49401.html,2268346,671ae943acd19c4c33bb3a5ef0194726f15a6fc9dd11a1df5d181546f893d656
Chilevisión,Chilevisión,articles-49918_recurso_1.zip,49918,https://www.cmfchile.cl/portal/estadisticas/617/w4-article-49918.html,2585977,c0953446e1129877c91622d31e92c853306fd773bf330fa5782cf74f0812f725
Chilevisión,Chilevisión,articles-50697_recurso_1.zip,50697,https://www.cmfchile.cl/portal/estadisticas/617/w4-article-50697.html,13318925,878c7fb2ab5872b63813c6e8453bec003bda82ddad22d565fe15bee1694bc25c
Chilevisión,Chilevisión,articles-51270_recurso_1.zip,51270,https://www.cmfchile.cl/portal/estadisticas/617/w4-article-51270.html,2969285,d969435f30b952d24c6ae2f69f2d792c81b4d211ccd068e8cba26d03d8bfb7dd
Chilevisión,Chilevisión,articles-53290_recurso_1.zip,53290,https://www.cmfchile.cl/portal/estadisticas/617/w4-article-53290.html,3001563,82e2c8029a80ff42bfbd59f10bf603ebc5f993426ae6686fe047708333628b69
Chilevisión,Chilevisión,articles-57122_recurso_1.zip,57122,https://www.cmfchile.cl/portal/estadisticas/617/w4-article-57122.html,3425367,ada769b3f481c8aaad12b4a4dae078ba1fa7ecb7565dd4b5220d395d0b19b17a
Chilevisión,Chilevisión,articles-68983_recurso_1.zip,68983,https://www.cmfchile.cl/portal/estadisticas/617/w4-article-68983.html,3128038,43a3b16f0335d3109e35159af033e866f7cdcdba8190d24404330f852dd89819
Chilevisión,Chilevisión,articles-70647_recurso_1.zip,70647,https://www.cmfchile.cl/portal/estadisticas/617/w4-article-70647.html,3214174,46a7efd06f9188fbf8bbe1df7a119438f14250010277ca54283ef1ccb768373f
Chilevisión,Chilevisión,articles-73701_recurso_1.zip,73701,https://www.cmfchile.cl/portal/estadisticas/617/w4-article-73701.html,2594181,622bb38f9d89a36c6695949693159c2fb9a622587892915fe303c8c9b8c3bd71
Chilevisión,Chilevisión,articles-75891_recurso_1.zip,75891,https://www.cmfchile.cl/portal/estadisticas/617/w4-article-75891.html,2806435,be515be5df1ceb101a583141ec0d774658eb921647f5a5eed57b6d3f3f34843c
Chilevisión,Chilevisión,articles-79941_recurso_1.zip,79941,https://www.cmfchile.cl/portal/estadisticas/617/w4-article-79941.html,2111270,67812545d7f193a732567d01de65973aa2d9d7ab220a7203277f3dcda5ebee46
Chilevisión,Chilevisión,articles-82006_recurso_1.zip,82006,https://www.cmfchile.cl/portal/estadisticas/617/w4-article-82006.html,3219206,8ffb6525f3a96fad10d20897e4800d19b0f4c2cbc36007c140fa63104fc81996
Chilevisión,Chilevisión,articles-85359_recurso_1.zip,85359,https://www.cmfchile.cl/portal/estadisticas/617/w4-article-85359.html,2325146,74ab5fea076df1a0c960fe56f4ddc68261d0b0d74b17e0e314378978bf9bb8ed
Chilevisión,Chilevisión,articles-88270_recurso_1.zip,88270,https://www.cmfchile.cl/portal/estadisticas/617/w4-article-88270.html,2753819,2e1a41dbf603f128b241db8eba4b04e7e8148e9ddb98686322df5283735bec92
Chilevisión,Chilevisión,articles-93017_recurso_1.zip,93017,https://www.cmfchile.cl/portal/estadisticas/617/w4-article-93017.html,2577177,f804cf5f8a71f5ecb9797920e33aa0fe33e24fe2419769ceae9af9b4a08426bb
Chilevisión,Chilevisión,articles-95049_recurso_1.zip,95049,https://www.cmfchile.cl/portal/estadisticas/617/w4-article-95049.html,2940354,8f5f13c57d90f8bf9103adcf8474f577916a1fca2f39a9923d8c37149ba1a3cf
Chilevisión,Chilevisión,articles-98825_recurso_1.zip,98825,https://www.cmfchile.cl/portal/estadisticas/617/w4-article-98825.html,2658359,5ddddbde408373ca181954cc34285fb27378732c84f4a5c45cf35ad3480baea2
TVN,TVN,1-Estados-Financieros-TVN-032025.pdf,,,1274149,f46a999e10f0e47f4e85124abdbb1659d7e08d5270296c2980d5fd4030be6846
TVN,TVN,2024-03-Estados-Financieros-TVN.pdf,,,1497284,fda0450b7fe53f5fcd5e282dbb36d88f2c94b4cae2cd49ab956a6ab988e7ffce
TVN,TVN,2024-06-Estados-Financieros-TVN.pdf,,,994888,9a387acf8b8a5d23a29483e625f852f4e834ec4232290cf262d548334c16d082
TVN,TVN,2024-09-Estados-Financieros-TVN.pdf,,,1337895,a1ad31629b1b37f7f32e6dd4e4168f0a88fc147cf77e26e1651e7b17efde9221
TVN,TVN,816898005_eef_0919_libro.pdf,,,1156360,feee0f25826d08a06463d8171e9dea7e7ee713d7bd74dae0290c283a240656ee
TVN,TVN,Estados Financieros TVN al 06-2026.pdf,,,2040364,1da56d374fbe24fd4a5321a973c431d72a4dc0df3a0fb3f6e4490d6ac306007e
TVN,TVN,Estados-Financieros-TVN-03-2026.pdf,,,2499059,1a932aef46e3cccadd7628f9a9e56534477ab195734d180c3bd4adf291b039e1
TVN,TVN,Estados-Financieros-TVN-31-12-2024.pdf,,,1637415,1aeff1c2065e64b1afca557e28963f142a29c61edca8e3495ff24cc47119faab
TVN,TVN,Estados-Financieros-TVN-31-12-2025.pdf,,,5911057,2ca26bbbd6707a091fa2905a54ad87c2ade013e5ce0161dd50950d2f945bb8f6
TVN,TVN,Estados-Financieros-TVN-junio-2025.pdf,,,1806681,bccd270754a6d8de8b7eea54b302ea369c6055b10fd445d6af403d148e496b74
TVN,TVN,estados_financieros_2018.pdf,,,2258923,ac2605111ffebae9c04f205230b0d4c8ddbd9042ed138341b7ebccb1d0587c95
TVN,TVN,Estados_Financieros_TVN-30_09_2025.pdf,,,2721073,909d944335c408045eb5e08bb7dbf0cdd6b903683eb110e87175fe44c9486171
TVN,TVN,Estados_Financieros_TVN2017.pdf,,,599231,05f32aa70c52ed6deb5c61e6e18dba7d8f5c860bb31e5bf1c7f0f480c24df630
TVN,TVN,fecu dic 2019 libro.pdf,,,1531934,00898d94bbfbe022ac3c559074ee08e09c5e0b2062de959e3871b20a00b6b460
TVN,TVN,FECU-dic-2023.pdf,,,5148119,ab320d7790180290d49049838dd6e5e080ad0b85df158d9a4c38c5737b7e724f
TVN,TVN,fecu-septiembre-2020.pdf,,,852945,6ca055766b8e57cc7b727fefa5001e97fe2cd7b0d02987b5b976e38f06120bf5
TVN,TVN,fecu-tvn-06-2020-LIBRO.pdf,,,1508358,4f29aa428f9f2565f072ac7e73d75973c66b45c217019e268de1030f917725b0
TVN,TVN,fecu_03_21_libro.pdf,,,735781,7b55a86fec3ab3ac39e926b00948d58158db95d5e645ea8608117f4985b9dfa1
TVN,TVN,fecu_06_2018_libro.pdf,,,1201303,5f1cca4057479c3cc4f2e55c0b61acae55d510716614b3a70ea769e0039f7d85
TVN,TVN,fecu_dic_2017_libro.pdf,,,1100690,09e087bb7732e2f7344da1c39ed19ab893f3e30a05313449bacd26f03bf20ca8
TVN,TVN,fecu_jun_2017_libro.pdf,,,1076764,38d949f4fca1dddfd3f515b12d0fae1f18987eb6c0fb269eb8f33edf43bbaeca
TVN,TVN,fecu_mar_2017_libro.pdf,,,893817,48f85057fa75dff635fb74eb9424a02ab22206063e3e19677907cb59f790c3d3
TVN,TVN,fecu_mar_2018_libro.pdf,,,1088740,a4c02ffed0809c99562fe4bda3eff7002bfb83c095febf860fb3c19e5fc3ebe0
TVN,TVN,fecu_sep_2017_libro.pdf,,,1112191,7efdbe3a4e6a8c117c1478060c40312764b063c90c10702d7e222ceaba2bfc15
TVN,TVN,FECU_TVN_0319_LIBRO.pdf,,,1239507,f9f6e5fdb9a50110e242f2ab0da15e44af656e38b83c8f6e21638108004f96a4
TVN,TVN,fecu_tvn_09_2018_libro.pdf,,,756693,fec2af51fd3718aa9bdcf136a8988f0e235cc6f7a814a3bae6bb047ec6477236
TVN,TVN,Fecu_tvn_2022_dec.pdf,,,1523135,e9c4cc51ee6fa8ff94a338961aae447657ed5a8b0b057976e367d0012ff43640
TVN,TVN,Fecu_tvn_dic_18_libro.pdf,,,1292493,c586fb9d8655d0d885001859a6cbb098aff8f1167d1e1de53664722551527032
TVN,TVN,FECUTVN03_2022.pdf,,,1375349,e330e5f27dd7e5746c46027b2dc170358f78b6e3172f3c8aa06413a5146bfffd
TVN,TVN,fecutvnjunio2022.pdf,,,1421960,1049fe2e04ab994613f31d052a3a7b8fde578ee16cb2e2198253cea06035bbf3
TVN,TVN,FECUTVNLIBROJUNIO2021.pdf,,,1365956,0fff5835d9edd0953c1ac8b73feb6c2b31240abb9abccb609102aea5fae25240
TVN,TVN,Libro-TVN-03-2020.pdf,,,1525463,bddc88fb2139582fa6e4fdad05b7e435f330193ec355e3912149bc92e6f3b88c
TVN,TVN,Libro_81689800-5-blce-06-2019.pdf,,,1261870,603f7973b655a46d69072d52e7b53ffbfa145db365920bf2dcda81f8928b044b
TVN,TVN,LIBRO_EEFF-09-2021.pdf,,,1667336,dabf27e693311dd987c080ddf5b1f5b521e234c048307913be69f69aa6c9295c
TVN,TVN,LIBRO_EEFF_032023_816898005.pdf,,,1179080,57bf32ff46fefa967cf19cf4c1f72ea5635c7ef3ee6427afeb0d37241e78b115
TVN,TVN,LIBRO_EEFF_816898005_09_23.pdf,,,979252,f80882ce683368614a531f497e41db07ae630f219c7abe085b9e68918c76f515
TVN,TVN,Libro_FECU_30_06_2023.pdf,,,1681416,c3a35c781da00bcebd636d9bb91e5f7c7fe4cfaa58eb87fcb32009493aa9b52b
TVN,TVN,LIBRO_FECU_TVN_09_22.pdf,,,1192962,a35fa308e899d05086db1ec5bcad6bf96289162208721b873cdd279112729da1
TVN,TVN,Librodic2021 81689800_eeff_aud.pdf,,,1612216,6693e1d0cef56d027b0c7dc17fb21a9205014a8d6a3675e3476703f78f732f57
TVN,TVN,LIBROFECUTVNDIC2021.pdf,,,1273953,4ca4d21b1a23f221acd4c40ad836530add86fcb6a3c923c905d28bcfa3ddd1dd
La Red,La Red,articles-101640_recurso_1.zip,101640,https://www.cmfchile.cl/portal/estadisticas/617/w4-article-101640.html,1630206,c76c7b3b20a7ae1af66d9d56b2c9b9e1bbac5c74fd773eec136a053f8a0960a8
La Red,La Red,articles-110595_recurso_1.zip,110595,https://www.cmfchile.cl/portal/estadisticas/617/w4-article-110595.html,1836639,81f41a9c8f6d09809e7e581e492c0af3993b616030623eb2fdbc52d6ba3636b7
La Red,La Red,articles-113715_recurso_1.zip,113715,https://www.cmfchile.cl/portal/estadisticas/617/w4-article-113715.html,1740929,c3d47913b12e2bb26cea46eeef2fc70a778e7dbcd86e422c5648c59c44555d26
La Red,La Red,articles-113718_recurso_1.zip,113718,https://www.cmfchile.cl/portal/estadisticas/617/w4-article-113718.html,1127007,92486acae846ff59df56044edb9dca1471da20ffb3c17a218f6b16af5ad20e9f
La Red,La Red,articles-28528_recurso_1.pdf,28528,https://www.cmfchile.cl/portal/estadisticas/617/w4-article-28528.html,2289181,6b76172702d2b28bb6fd6bd03541fdbe322bfc7c3dbc49febabd3a072b8d7ea9
La Red,La Red,articles-29050_recurso_1.zip,29050,https://www.cmfchile.cl/portal/estadisticas/617/w4-article-29050.html,1273307,a7eccb93bbcfeccd7048036e31ca3da4b868c16d7357dd81c36f6f94c6c5f946
La Red,La Red,articles-29082_recurso_1.pdf,29082,https://www.cmfchile.cl/portal/estadisticas/617/w4-article-29082.html,1151467,2d640b83b735e0f9785e3913defdc12b02e7e1ec6f7b564d12ae95301fccefc4
La Red,La Red,articles-29820_recurso_1.zip,29820,https://www.cmfchile.cl/portal/estadisticas/617/w4-article-29820.html,1888411,d4ffce2fbb64b409be30e362501c97f28286c4be99f0df83263ab3d463aa12a9
La Red,La Red,articles-38814_recurso_1.zip,38814,https://www.cmfchile.cl/portal/estadisticas/617/w4-article-38814.html,1683945,838faf3444e14a194f160d9f9e125961485208b3367ece73290e7ec342251043
La Red,La Red,articles-47351_recurso_1.zip,47351,https://www.cmfchile.cl/portal/estadisticas/617/w4-article-47351.html,1423238,86c81ff45d9c46f6df97a7a0ccf5d20fa25bda88af6b04c2a3b3d44c518c3974
La Red,La Red,articles-47715_recurso_1.zip,47715,https://www.cmfchile.cl/portal/estadisticas/617/w4-article-47715.html,631491,705a237bea266e2ae08a0f635678f7409ab7e3a9cb2655c310fb20883b3ad1e3
La Red,La Red,articles-49398_recurso_1.zip,49398,https://www.cmfchile.cl/portal/estadisticas/617/w4-article-49398.html,1027879,c26986ae46bc25a63d980a734bcc862c896b210f39490bfd2e2541a9b5d98de7
La Red,La Red,articles-49905_recurso_1.zip,49905,https://www.cmfchile.cl/portal/estadisticas/617/w4-article-49905.html,1800269,4486f259b6de19bf6e30e1ec5812deb3a6d6d3449e466a55b8afc9ddba7c7ec6
La Red,La Red,articles-50694_recurso_1.zip,50694,https://www.cmfchile.cl/portal/estadisticas/617/w4-article-50694.html,8914688,40b6cf67dfb85670774c321e6531da2241c9c31e9b35d9b65f27c83980662fbc
La Red,La Red,articles-51267_recurso_1.zip,51267,https://www.cmfchile.cl/portal/estadisticas/617/w4-article-51267.html,2139378,515d892deba0bd5b57a0782ba6157546e85256e740d222e5a72ab981f90eaef8
La Red,La Red,articles-53287_recurso_1.zip,53287,https://www.cmfchile.cl/portal/estadisticas/617/w4-article-53287.html,1700197,749e757214b862c484ba50bd45222b37ea9cd528f991671d8259ca7fae31a9e8
La Red,La Red,articles-57119_recurso_1.zip,57119,https://www.cmfchile.cl/portal/estadisticas/617/w4-article-57119.html,1720912,f58d77e2d36ecb7202aca533faf0f6f47f3b6a0d5af097fb1273c141e4661f66
La Red,La Red,articles-72570_recurso_1.zip,72570,https://www.cmfchile.cl/portal/estadisticas/617/w4-article-72570.html,2027604,8a127a90a86ad272205c3181f7b2de9a38bee4beef27e2a6a389c92c0b74ea7b
La Red,La Red,articles-76623_recurso_1.zip,76623,https://www.cmfchile.cl/portal/estadisticas/617/w4-article-76623.html,1427359,493b7d269bc4baa45ac3255ca1995b9e225893871b6c32ae86a7c1bb41e7eaff
La Red,La Red,articles-78503_recurso_1.zip,78503,https://www.cmfchile.cl/portal/estadisticas/617/w4-article-78503.html,1786382,d924ffff0bdbd01765c27fda479d4acf61a315e83ff8b97bdc38e5669284a625
La Red,La Red,articles-79938_recurso_1.zip,79938,https://www.cmfchile.cl/portal/estadisticas/617/w4-article-79938.html,1762591,02cea44a3a911fbacff21a779a7016573ab6817c29de3a0c4710855cf1a4aeca
La Red,La Red,articles-80608_recurso_1.zip,80608,https://www.cmfchile.cl/portal/estadisticas/617/w4-article-80608.html,1388868,42af2516c6640ff8252e3a4060779db512ecf279f7f4375841644f087976c847
La Red,La Red,articles-82004_recurso_1.zip,82004,https://www.cmfchile.cl/portal/estadisticas/617/w4-article-82004.html,1631531,958f6e15e885373043f7267d02b05981a0e7a5a613268084db1d808ca701d3ce
La Red,La Red,articles-85356_recurso_1.zip,85356,https://www.cmfchile.cl/portal/estadisticas/617/w4-article-85356.html,1393427,c498f1e6e86394363aa9966ff30a9af011c1ea992a174ad002885b0e3e8b3e35
La Red,La Red,articles-88267_recurso_1.zip,88267,https://www.cmfchile.cl/portal/estadisticas/617/w4-article-88267.html,1682219,8c78f55ef0b03e8fca104b797d2db384a0f6854dd5ed7f68f7c3515dc947a267
La Red,La Red,articles-93015_recurso_1.zip,93015,https://www.cmfchile.cl/portal/estadisticas/617/w4-article-93015.html,1800303,62db727001aecce0b6bf1a91414491b3255d083999002f491b5d495f480ac604
La Red,La Red,articles-95047_recurso_1.zip,95047,https://www.cmfchile.cl/portal/estadisticas/617/w4-article-95047.html,1620136,ca47008a7a7a3e6d5e3096e0864ad44bb24b4317179e841b7ac3ba09ca684424
La Red,La Red,articles-98821_recurso_1.zip,98821,https://www.cmfchile.cl/portal/estadisticas/617/w4-article-98821.html,1876428,7001751f7ece7ea2fe275d61bf2797e5d67584973fc4c7c74c2118d88882e6f5
TV+,TV Mas,articles-101643_recurso_1.zip,101643,https://www.cmfchile.cl/portal/estadisticas/617/w4-article-101643.html,1386475,796fa35248a42b6fccf040e405160d6d967f3e2afe8e7f7afcf63cb98ee8ef3e
TV+,TV Mas,articles-109185_recurso_1.zip,109185,https://www.cmfchile.cl/portal/estadisticas/617/w4-article-109185.html,1416048,4ed39a232a4bfe0c038549ccf5ba1d600e56c05762d77de8a14f7e9aa6995a7d
TV+,TV Mas,articles-111128_recurso_1.zip,111128,https://www.cmfchile.cl/portal/estadisticas/617/w4-article-111128.html,1139024,58647cafbd0b6eb33287a3c6b18404902207251b2a4fa5a83f95dc7c725fc24d
TV+,TV Mas,articles-113712_recurso_1.zip,113712,https://www.cmfchile.cl/portal/estadisticas/617/w4-article-113712.html,1540003,f7158ccfd2d81ba9d20f263506fc4d7af43686c0281f4e615c6c13a6c6807251
TV+,TV Mas,articles-28568_recurso_1.zip,28568,https://www.cmfchile.cl/portal/estadisticas/617/w4-article-28568.html,1109059,3e5b1e991505147a62dfda5d59b67c07b100f5b139f55bd110f8be9ea1cad0f7
TV+,TV Mas,articles-29053_recurso_1.zip,29053,https://www.cmfchile.cl/portal/estadisticas/617/w4-article-29053.html,570502,4e5c5a8b5597bd10e6cc299ab52dbf77c228ec5cd3f17ac6d3ad718de7faf616
TV+,TV Mas,articles-29081_recurso_1.pdf,29081,https://www.cmfchile.cl/portal/estadisticas/617/w4-article-29081.html,906122,cf6ac0507c9c6840cd8cf3923a6ab3acb4ebac968ba5ecd5db57232a0a9dc9a7
TV+,TV Mas,articles-29825_recurso_1.zip,29825,https://www.cmfchile.cl/portal/estadisticas/617/w4-article-29825.html,1272274,27d1a41dc159508141467549b39356950b20c0bec232d307cf4f0fbbad17455f
TV+,TV Mas,articles-38817_recurso_1.zip,38817,https://www.cmfchile.cl/portal/estadisticas/617/w4-article-38817.html,817446,70001843c8decd64db975adc782dab49b3839479ec546bbafadf8ac983330a4d
TV+,TV Mas,articles-47354_recurso_1.zip,47354,https://www.cmfchile.cl/portal/estadisticas/617/w4-article-47354.html,1032339,c672f1eb8b447102187f2329c334017846728db65a9fff44800549bd1fa654e8
TV+,TV Mas,articles-47719_recurso_1.zip,47719,https://www.cmfchile.cl/portal/estadisticas/617/w4-article-47719.html,743569,8f01be64275c1c148d0424ce64b997ed7ed2799f39d25de17f598f283651166a
TV+,TV Mas,articles-49400_recurso_1.zip,49400,https://www.cmfchile.cl/portal/estadisticas/617/w4-article-49400.html,1064900,3f19f39a4d49d52093a0b2c0f2c3b7431da9506ea95c3b8f6fa559be3fe43601
TV+,TV Mas,articles-49909_recurso_1.zip,49909,https://www.cmfchile.cl/portal/estadisticas/617/w4-article-49909.html,1191034,6fcae9fb181fd65f786f2bb43a9d03f9a999dc76ffb0969dbc269a047566baea
TV+,TV Mas,articles-50696_recurso_1.zip,50696,https://www.cmfchile.cl/portal/estadisticas/617/w4-article-50696.html,1263653,bb2cddfc256ea4c078e8f851b5c14d8d62eb0fbc4d7e3e05c0aa24ae9c4010a8
TV+,TV Mas,articles-51269_recurso_1.zip,51269,https://www.cmfchile.cl/portal/estadisticas/617/w4-article-51269.html,1803502,293e83fae5ce8885e3fd93ebdbb40bdc6425003332d6a043e6bfa61c9e95f038
TV+,TV Mas,articles-53289_recurso_1.zip,53289,https://www.cmfchile.cl/portal/estadisticas/617/w4-article-53289.html,2383158,93bef8f02f260b20a243b5c96ef49fdac96257d67d1816872613e72a34af290f
TV+,TV Mas,articles-57121_recurso_1.zip,57121,https://www.cmfchile.cl/portal/estadisticas/617/w4-article-57121.html,1022412,b64f1fc40ea8d11d352b5c77f238243fac4f794c4ac5b3c7e0760a1e949e7516
TV+,TV Mas,articles-68980_recurso_1.zip,68980,https://www.cmfchile.cl/portal/estadisticas/617/w4-article-68980.html,922234,43ff0d1cbc640925bb0d6fd86d6c8987311c9783631970345213195f4adc5798
TV+,TV Mas,articles-70649_recurso_1.zip,70649,https://www.cmfchile.cl/portal/estadisticas/617/w4-article-70649.html,791409,39201649bd6cd8280ee36be417ed6b21fc7a96b9c2fb0f8beee9c2a27495d7d4
TV+,TV Mas,articles-73704_recurso_1.zip,73704,https://www.cmfchile.cl/portal/estadisticas/617/w4-article-73704.html,1770714,d83ceee13279f9d1c27b6cee5a43bfd1e2be0084970ef2f9539a10a5649bec54
TV+,TV Mas,articles-75787_recurso_1.zip,75787,https://www.cmfchile.cl/portal/estadisticas/617/w4-article-75787.html,902643,61e7bec50db56dcd549b0d540a9e831ff08ec93d0de94718121fcbc1b2f59fc6
TV+,TV Mas,articles-79943_recurso_1.zip,79943,https://www.cmfchile.cl/portal/estadisticas/617/w4-article-79943.html,1375683,c3881169887268c20b6902679811b6fc8ddca69d047f726d1d47700f965e8739
TV+,TV Mas,articles-82009_recurso_1.zip,82009,https://www.cmfchile.cl/portal/estadisticas/617/w4-article-82009.html,1788256,369cc71c36b4e24cfe2ba9915f99eb531c27121679ee215397b19453eeee2f09
TV+,TV Mas,articles-85362_recurso_1.zip,85362,https://www.cmfchile.cl/portal/estadisticas/617/w4-article-85362.html,1377116,96466f6a4fe0f302392c3f3b474d6fcb09ec6379b8f14fd6994bc645eb2c8048
TV+,TV Mas,articles-88272_recurso_1.zip,88272,https://www.cmfchile.cl/portal/estadisticas/617/w4-article-88272.html,1080639,5a7eb46f53daae3a07fe790956f769f44863382f6b73f10c3c37996f24d30814
TV+,TV Mas,articles-93021_recurso_1.zip,93021,https://www.cmfchile.cl/portal/estadisticas/617/w4-article-93021.html,2443651,7c7bd9b3e292ff8e91e7d635227b12c876734fea9eb2473f2e449c81725765b7
TV+,TV Mas,articles-95053_recurso_1.zip,95053,https://www.cmfchile.cl/portal/estadisticas/617/w4-article-95053.html,1059787,eda31a5cd440105c988d0bc874c4d8ff851d142b70521e8d86395c0b09e70da4
TV+,TV Mas,articles-98826_recurso_1.zip,98826,https://www.cmfchile.cl/portal/estadisticas/617/w4-article-98826.html,1661580,df867108149ed3033062e3528d481d2bd7c6de3d590a954b82eec66de87e7e7c
