canal,fecha_cierre,documento,pagina,fuente_texto,tipo_periodo,fin,rol,ingresos,costo_ventas,ganancia_bruta,gastos_admin,antes_impuestos,impuesto,resultado
Canal 13,2017-12-31,data/raw/pdf/Canal 13/29080/2018040075032.pdf,9,ocr400,anual,2017-12-31,actual,69229869,-80611409,-11381540,-12343218,-36956783,10486938,-26469845
Canal 13,2017-12-31,data/raw/pdf/Canal 13/29080/2018040075032.pdf,9,ocr400,anual,2016-12-31,comparativo,74410742,-73533061,877681,-12255716,-9916626,4039812,-5876814
Canal 13,2020-03-31,data/raw/pdf/Canal 13/29049/2020050177776_1.pdf,7,ocr400,trimestre,2020-03-31,actual,27692328,-26665488,1026840,-1113365,-626942,0,-626942
Canal 13,2020-03-31,data/raw/pdf/Canal 13/29049/2020050177776_1.pdf,7,ocr400,trimestre,2019-03-31,comparativo,17146359,-17653637,-507278,-3168131,-3918644,35564,-3883080
Canal 13,2020-06-30,data/raw/pdf/Canal 13/29819/2.pdf,7,pdftotext-raw,semestre,2020-06-30,actual,39266617,-36606122,2660495,-5217229,-3476951,-525,-3477476
Canal 13,2020-06-30,data/raw/pdf/Canal 13/29819/2.pdf,7,pdftotext-raw,semestre,2019-06-30,comparativo,37785257,-34792224,2993033,-6733149,-4861722,-5026,-4866748
Canal 13,2020-06-30,data/raw/pdf/Canal 13/29819/2.pdf,7,pdftotext-raw,trimestre,2020-06-30,actual,11574289,-11504209,70080,-2540289,-2850009,-525,-2850534
Canal 13,2020-06-30,data/raw/pdf/Canal 13/29819/2.pdf,7,pdftotext-raw,trimestre,2019-06-30,comparativo,20638898,-17138587,3500311,-3565018,-943078,-40590,-983668
Canal 13,2020-09-30,data/raw/pdf/Canal 13/38818/2020110488373_1.pdf,4,pdfplumber,acumulado9m,2020-09-30,actual,53149356,-48324118,4825238,-7784040,-3989937,-525,-3990462
Canal 13,2020-09-30,data/raw/pdf/Canal 13/38818/2020110488373_1.pdf,4,pdfplumber,acumulado9m,2019-09-30,comparativo,55797908,-49961535,5836373,-9839177,-5725426,-41159,-5766585
Canal 13,2020-09-30,data/raw/pdf/Canal 13/38818/2020110488373_1.pdf,4,pdfplumber,trimestre,2020-09-30,actual,13882739,-11717996,2164743,-2566811,-512986,0,-512986
Canal 13,2020-09-30,data/raw/pdf/Canal 13/38818/2020110488373_1.pdf,4,pdfplumber,trimestre,2019-09-30,comparativo,18012651,-15169311,2843340,-3106028,-863704,-36133,-899837
Canal 13,2020-12-31,data/raw/pdf/Canal 13/47350/2021030123089_1.pdf,8,pdfplumber,anual,2020-12-31,actual,71881546,-52574580,19306966,-10700578,7206779,-525,7206254
Canal 13,2020-12-31,data/raw/pdf/Canal 13/47350/2021030123089_1.pdf,8,pdfplumber,anual,2019-12-31,comparativo,65571174,-65317154,254020,-10179773,-11907021,-25667,-11932688
Canal 13,2021-03-31,data/raw/pdf/Canal 13/47714/2021050211434_3.pdf,5,pdfplumber,trimestre,2021-03-31,actual,12164754,-10161930,2002824,-2387529,-736502,0,-736502
Canal 13,2021-03-31,data/raw/pdf/Canal 13/47714/2021050211434_3.pdf,5,pdfplumber,trimestre,2020-03-31,comparativo,27692328,-25101912,2590416,-2676941,-626942,0,-626942
Canal 13,2021-06-30,data/raw/pdf/Canal 13/49397/2021090376181_3.pdf,8,pdfplumber,semestre,2021-06-30,actual,27739121,-21304897,6434224,-5138034,812657,0,812657
Canal 13,2021-06-30,data/raw/pdf/Canal 13/49397/2021090376181_3.pdf,8,pdfplumber,semestre,2020-06-30,comparativo,39008939,-36606122,2402817,-5217229,-3476951,-525,-3477476
Canal 13,2021-06-30,data/raw/pdf/Canal 13/49397/2021090376181_3.pdf,8,pdfplumber,trimestre,2021-06-30,actual,15574367,-11142967,4431400,-2750505,1549159,0,1549159
Canal 13,2021-06-30,data/raw/pdf/Canal 13/49397/2021090376181_3.pdf,8,pdfplumber,trimestre,2020-06-30,comparativo,11308959,-11504209,-195250,-2540289,-2850009,-525,-2850534
Canal 13,2021-09-30,data/raw/pdf/Canal 13/49903/2021110476519_1.pdf,5,pdfplumber,acumulado9m,2021-09-30,actual,44760337,-33543149,11217188,-7771187,2335494,0,2335494
Canal 13,2021-09-30,data/raw/pdf/Canal 13/49903/2021110476519_1.pdf,5,pdfplumber,acumulado9m,2020-09-30,comparativo,53149356,-48324118,4825238,-7784040,-3989937,-525,-3990462
Canal 13,2021-09-30,data/raw/pdf/Canal 13/49903/2021110476519_1.pdf,5,pdfplumber,trimestre,2021-09-30,actual,17021216,-12234784,4786432,-2636621,1522837,0,1522837
Canal 13,2021-09-30,data/raw/pdf/Canal 13/49903/2021110476519_1.pdf,5,pdfplumber,trimestre,2020-09-30,comparativo,13882739,-11717996,2164743,-2566811,-512986,0,-512986
Canal 13,2021-12-31,data/raw/pdf/Canal 13/50693/Estados financieros.pdf,8,ocr400,anual,2021-12-31,actual,64297745,-48724724,15573021,-10555985,3195880,0,3195880
Canal 13,2021-12-31,data/raw/pdf/Canal 13/50693/Estados financieros.pdf,8,ocr400,anual,2020-12-31,comparativo,71881546,-52574580,19306966,-10700578,7206779,-525,7206254
Canal 13,2022-03-31,data/raw/pdf/Canal 13/51266/Estados Financieros Marzo 2022.pdf,5,pdfplumber,trimestre,2022-03-31,actual,13575653,-11587325,1988328,-3041944,-1616483,0,-1616483
Canal 13,2022-03-31,data/raw/pdf/Canal 13/51266/Estados Financieros Marzo 2022.pdf,5,pdfplumber,trimestre,2021-03-31,comparativo,12224997,-9891061,2333936,-2658398,-736502,0,-736502
Canal 13,2022-06-30,data/raw/pdf/Canal 13/53286/2022090357517_2.pdf,8,pdfplumber,semestre,2022-06-30,actual,29817250,-24295862,5521388,-6453261,-2710904,0,-2710904
Canal 13,2022-06-30,data/raw/pdf/Canal 13/53286/2022090357517_2.pdf,8,pdfplumber,semestre,2021-06-30,comparativo,27909751,-21008745,6901006,-5434186,812657,0,812657
Canal 13,2022-06-30,data/raw/pdf/Canal 13/53286/2022090357517_2.pdf,8,pdfplumber,trimestre,2022-06-30,actual,16241597,-12708537,3533060,-3411317,-1094421,0,-1094421
Canal 13,2022-06-30,data/raw/pdf/Canal 13/53286/2022090357517_2.pdf,8,pdfplumber,trimestre,2021-06-30,comparativo,15684754,-10994891,4689863,-2898581,1549159,0,1549159
Canal 13,2022-06-30,data/raw/pdf/Canal 13/53286/2022090357517_4.pdf,8,pdfplumber,semestre,2022-06-30,actual,29817250,-24295862,5521388,-6453261,-2710904,0,-2710904
Canal 13,2022-06-30,data/raw/pdf/Canal 13/53286/2022090357517_4.pdf,8,pdfplumber,semestre,2021-06-30,comparativo,27909751,-21008745,6901006,-5434186,812657,0,812657
Canal 13,2022-06-30,data/raw/pdf/Canal 13/53286/2022090357517_4.pdf,8,pdfplumber,trimestre,2022-06-30,actual,16241597,-12708537,3533060,-3411317,-1094421,0,-1094421
Canal 13,2022-06-30,data/raw/pdf/Canal 13/53286/2022090357517_4.pdf,8,pdfplumber,trimestre,2021-06-30,comparativo,15684754,-10994891,4689863,-2898581,1549159,0,1549159
Canal 13,2022-09-30,data/raw/pdf/Canal 13/57118/2022110453755_0.pdf,5,pdfplumber,acumulado9m,2022-09-30,actual,45710428,-36587086,9123342,-9732983,-3176884,0,-3176884
Canal 13,2022-09-30,data/raw/pdf/Canal 13/57118/2022110453755_0.pdf,5,pdfplumber,acumulado9m,2021-09-30,comparativo,44777954,-32778011,11999943,-8536325,2335494,0,2335494
Canal 13,2022-09-30,data/raw/pdf/Canal 13/57118/2022110453755_0.pdf,5,pdfplumber,trimestre,2022-09-30,actual,15893178,-12291224,3601954,-3279722,-465980,0,-465980
Canal 13,2022-09-30,data/raw/pdf/Canal 13/57118/2022110453755_0.pdf,5,pdfplumber,trimestre,2021-09-30,comparativo,16868205,-11769266,5098939,-3102139,1522837,0,1522837
Canal 13,2022-12-31,data/raw/pdf/Canal 13/68977/2023030137056_2.pdf,8,pdfplumber,anual,2022-12-31,actual,64707615,-51649271,13058344,-13515641,-3697846,0,-3697846
Canal 13,2022-12-31,data/raw/pdf/Canal 13/68977/2023030137056_2.pdf,8,pdfplumber,anual,2021-12-31,comparativo,64326011,-47675823,16650188,-11604886,3195880,0,3195880
Canal 13,2023-03-31,data/raw/pdf/Canal 13/70644/2023050231569_3.pdf,5,pdfplumber,trimestre,2023-03-31,actual,16107984,-15460618,647366,-3148864,-2956366,0,-2956366
Canal 13,2023-03-31,data/raw/pdf/Canal 13/70644/2023050231569_3.pdf,5,pdfplumber,trimestre,2022-03-31,comparativo,13575653,-11587325,1988328,-3041944,-1616483,0,-1616483
Canal 13,2023-06-30,data/raw/pdf/Canal 13/73693/2023090394048-1 Estados Financieros Intermedios Junio 2023.pdf,8,pdfplumber,semestre,2023-06-30,actual,32833725,-28970897,3862828,-6765698,-4265320,0,-4265320
Canal 13,2023-06-30,data/raw/pdf/Canal 13/73693/2023090394048-1 Estados Financieros Intermedios Junio 2023.pdf,8,pdfplumber,semestre,2022-06-30,comparativo,29817250,-24295862,5521388,-6453261,-2710904,0,-2710904
Canal 13,2023-06-30,data/raw/pdf/Canal 13/73693/2023090394048-1 Estados Financieros Intermedios Junio 2023.pdf,8,pdfplumber,trimestre,2023-06-30,actual,16725741,-13510279,3215462,-3616834,-1308954,0,-1308954
Canal 13,2023-06-30,data/raw/pdf/Canal 13/73693/2023090394048-1 Estados Financieros Intermedios Junio 2023.pdf,8,pdfplumber,trimestre,2022-06-30,comparativo,16241597,-12708537,3533060,-3411317,-1094421,0,-1094421
Canal 13,2023-09-30,data/raw/pdf/Canal 13/75889/2023110517059_3.pdf,5,pdfplumber,acumulado9m,2023-09-30,actual,49280061,-41371002,7909059,-10080515,-4162922,0,-4162922
Canal 13,2023-09-30,data/raw/pdf/Canal 13/75889/2023110517059_3.pdf,5,pdfplumber,acumulado9m,2022-09-30,comparativo,45710428,-36587086,9123342,-9732983,-3176884,0,-3176884
Canal 13,2023-09-30,data/raw/pdf/Canal 13/75889/2023110517059_3.pdf,5,pdfplumber,trimestre,2023-09-30,actual,16446336,-12400105,4046231,-3314817,102398,0,102398
Canal 13,2023-09-30,data/raw/pdf/Canal 13/75889/2023110517059_3.pdf,5,pdfplumber,trimestre,2022-09-30,comparativo,15893178,-12291224,3601954,-3279722,-465980,0,-465980
Canal 13,2023-12-31,data/raw/pdf/Canal 13/79944/2024040190694_4.pdf,9,pdfplumber,anual,2023-12-31,actual,72062779,-58038595,14024184,-13511541,-2294833,0,-2294833
Canal 13,2023-12-31,data/raw/pdf/Canal 13/79944/2024040190694_4.pdf,9,pdfplumber,anual,2022-12-31,comparativo,64707615,-51649271,13058344,-13515641,-3697846,0,-3697846
Canal 13,2024-03-31,data/raw/pdf/Canal 13/82002/Estados financieros 1.pdf,5,pdfplumber,trimestre,2024-03-31,actual,17356814,-16401890,954924,-3438309,-3258156,0,-3258156
Canal 13,2024-03-31,data/raw/pdf/Canal 13/82002/Estados financieros 1.pdf,5,pdfplumber,trimestre,2023-03-31,comparativo,16107984,-15460618,647366,-3148864,-2956366,0,-2956366
Canal 13,2024-06-30,data/raw/pdf/Canal 13/85354/2024090487105_3.pdf,8,pdfplumber,semestre,2024-06-30,actual,36869423,-32997131,3872292,-7000876,-4849497,0,-4849497
Canal 13,2024-06-30,data/raw/pdf/Canal 13/85354/2024090487105_3.pdf,8,pdfplumber,semestre,2023-06-30,comparativo,32833725,-28970897,3862828,-6765698,-4265320,0,-4265320
Canal 13,2024-06-30,data/raw/pdf/Canal 13/85354/2024090487105_3.pdf,8,pdfplumber,trimestre,2024-06-30,actual,19512609,-16595241,2917368,-3562567,-1591341,0,-1591341
Canal 13,2024-06-30,data/raw/pdf/Canal 13/85354/2024090487105_3.pdf,8,pdfplumber,trimestre,2023-06-30,comparativo,16725741,-13510279,3215462,-3616834,-1308954,0,-1308954
Canal 13,2024-09-30,data/raw/pdf/Canal 13/88266/2024110657792_2.pdf,5,pdfplumber,acumulado9m,2024-09-30,actual,56566576,-49347544,7219032,-10051948,-5398241,0,-5398241
Canal 13,2024-09-30,data/raw/pdf/Canal 13/88266/2024110657792_2.pdf,5,pdfplumber,acumulado9m,2023-09-30,comparativo,49280061,-41371002,7909059,-10080515,-4162922,0,-4162922
Canal 13,2024-09-30,data/raw/pdf/Canal 13/88266/2024110657792_2.pdf,5,pdfplumber,trimestre,2024-09-30,actual,19697153,-16350413,3346740,-3051072,-548744,0,-548744
Canal 13,2024-09-30,data/raw/pdf/Canal 13/88266/2024110657792_2.pdf,5,pdfplumber,trimestre,2023-09-30,comparativo,16446336,-12400105,4046231,-3314817,102398,0,102398
Canal 13,2024-12-31,data/raw/pdf/Canal 13/93013/estados financieros.pdf,9,pdfplumber,anual,2024-12-31,actual,78910289,-64899404,14010885,-13865820,-2985289,0,-2985289
Canal 13,2024-12-31,data/raw/pdf/Canal 13/93013/estados financieros.pdf,9,pdfplumber,anual,2023-12-31,comparativo,72062779,-58038595,14024184,-13511541,-2294833,0,-2294833
Canal 13,2025-06-30,data/raw/pdf/Canal 13/98820/2025090628474_3.pdf,8,pdfplumber,semestre,2025-06-30,actual,37163375,-31531429,5631946,-6933735,-3091167,0,-3091167
Canal 13,2025-06-30,data/raw/pdf/Canal 13/98820/2025090628474_3.pdf,8,pdfplumber,semestre,2024-06-30,comparativo,36869423,-32997131,3872292,-7000876,-4849497,0,-4849497
Canal 13,2025-06-30,data/raw/pdf/Canal 13/98820/2025090628474_3.pdf,8,pdfplumber,trimestre,2025-06-30,actual,20567565,-16423488,4144077,-3604692,-342066,0,-342066
Canal 13,2025-06-30,data/raw/pdf/Canal 13/98820/2025090628474_3.pdf,8,pdfplumber,trimestre,2024-06-30,comparativo,19512609,-16595241,2917368,-3562567,-1591341,0,-1591341
Canal 13,2025-09-30,data/raw/pdf/Canal 13/101639/Estados financieros intermedios.pdf,5,pdfplumber,acumulado9m,2025-09-30,actual,57861070,-47818796,10042274,-10780639,-3236461,0,-3236461
Canal 13,2025-09-30,data/raw/pdf/Canal 13/101639/Estados financieros intermedios.pdf,5,pdfplumber,acumulado9m,2024-09-30,comparativo,56566576,-49347544,7219032,-10051948,-5398241,0,-5398241
Canal 13,2025-09-30,data/raw/pdf/Canal 13/101639/Estados financieros intermedios.pdf,5,pdfplumber,trimestre,2025-09-30,actual,20697695,-16287367,4410328,-3846904,-145294,0,-145294
Canal 13,2025-09-30,data/raw/pdf/Canal 13/101639/Estados financieros intermedios.pdf,5,pdfplumber,trimestre,2024-09-30,comparativo,19697153,-16350413,3346740,-3051072,-548744,0,-548744
Canal 13,2025-12-31,data/raw/pdf/Canal 13/109182/2026030220532_1.pdf,9,pdfplumber,anual,2025-12-31,actual,81549524,-64556452,16993072,-14754576,-729180,0,-729180
Canal 13,2025-12-31,data/raw/pdf/Canal 13/109182/2026030220532_1.pdf,9,pdfplumber,anual,2024-12-31,comparativo,78910289,-64899404,14010885,-13865820,-2985289,0,-2985289
Canal 13,2026-03-31,data/raw/pdf/Canal 13/111123/2026050358805_0.pdf,5,pdfplumber,trimestre,2026-03-31,actual,17510966,-16297441,1213525,-3436187,-2738479,0,-2738479
Canal 13,2026-03-31,data/raw/pdf/Canal 13/111123/2026050358805_0.pdf,5,pdfplumber,trimestre,2025-03-31,comparativo,16595810,-15107941,1487869,-3329043,-2749101,0,-2749101
Canal 13,2026-06-30,data/raw/pdf/Canal 13/113709/2026090594155-0.pdf,8,pdfplumber,semestre,2026-06-30,actual,38389971,-36996237,1393734,-7097259,-7364845,0,-7364845
Canal 13,2026-06-30,data/raw/pdf/Canal 13/113709/2026090594155-0.pdf,8,pdfplumber,semestre,2025-06-30,comparativo,37163375,-31531429,5631946,-6933735,-3091167,0,-3091167
Canal 13,2026-06-30,data/raw/pdf/Canal 13/113709/2026090594155-0.pdf,8,pdfplumber,trimestre,2026-06-30,actual,20879005,-20698796,180209,-3661072,-4626366,0,-4626366
Canal 13,2026-06-30,data/raw/pdf/Canal 13/113709/2026090594155-0.pdf,8,pdfplumber,trimestre,2025-06-30,comparativo,20567565,-16423488,4144077,-3604692,-342066,0,-342066
Chilevisión,2019-12-31,data/raw/pdf/Chilevisión/28710/2020040141840_2.pdf,9,pdfplumber,anual,2019-12-31,actual,42612791,-37830173,4782618,-17702761,-14112463,-2132520,-16244983
Chilevisión,2019-12-31,data/raw/pdf/Chilevisión/28710/2020040141840_2.pdf,9,pdfplumber,anual,2018-12-31,comparativo,56632617,-47458948,9173669,-14208067,-5209586,0,-5209586
Chilevisión,2020-03-31,data/raw/pdf/Chilevisión/29052/2020050178104_2.pdf,7,pdfplumber,trimestre,2020-03-31,actual,8933664,-8155324,778340,-3887914,-3268378,-399186,-3667564
Chilevisión,2020-03-31,data/raw/pdf/Chilevisión/29052/2020050178104_2.pdf,7,pdfplumber,trimestre,2019-03-31,comparativo,11609005,-9465247,2143758,-3347012,-1315085,0,-1315085
Chilevisión,2020-06-30,data/raw/pdf/Chilevisión/29823/2.pdf,10,pdfplumber,semestre,2020-06-30,actual,16318489,-14204514,2113975,-8116073,-6253678,-844080,-7097758
Chilevisión,2020-06-30,data/raw/pdf/Chilevisión/29823/2.pdf,10,pdfplumber,semestre,2019-06-30,comparativo,23673473,-17905578,5767895,-7648009,-2576734,-7234,-2583968
Chilevisión,2020-06-30,data/raw/pdf/Chilevisión/29823/2.pdf,10,pdfplumber,trimestre,2020-06-30,actual,7384825,-6048462,1336363,-4228887,-2985300,-444894,-3430194
Chilevisión,2020-06-30,data/raw/pdf/Chilevisión/29823/2.pdf,10,pdfplumber,trimestre,2019-06-30,comparativo,12064468,-8935435,3129033,-3878964,-1248225,-7234,-1255459
Chilevisión,2020-09-30,data/raw/pdf/Chilevisión/38815/2020110486640_3.pdf,7,pdfplumber,acumulado9m,2020-09-30,actual,26603045,-20985423,5617622,-11872614,-6694809,-844080,-7538889
Chilevisión,2020-09-30,data/raw/pdf/Chilevisión/38815/2020110486640_3.pdf,7,pdfplumber,acumulado9m,2019-09-30,comparativo,35063192,-26793876,8269316,-13236693,-6115911,-7234,-6123145
Chilevisión,2020-09-30,data/raw/pdf/Chilevisión/38815/2020110486640_3.pdf,7,pdfplumber,trimestre,2020-09-30,actual,10284556,-6780909,3503647,-3756541,-441131,0,-441131
Chilevisión,2020-09-30,data/raw/pdf/Chilevisión/38815/2020110486640_3.pdf,7,pdfplumber,trimestre,2019-09-30,comparativo,11389719,-8888298,2501421,-5588684,-3539177,0,-3539177
Chilevisión,2020-12-31,data/raw/pdf/Chilevisión/47353/2021030124626_1.pdf,9,pdfplumber,anual,2020-12-31,actual,45155959,-32694113,12461846,-16769897,-4904004,-399186,-5303190
Chilevisión,2020-12-31,data/raw/pdf/Chilevisión/47353/2021030124626_1.pdf,9,pdfplumber,anual,2019-12-31,comparativo,42612791,-37830173,4782618,-17859991,-14112463,-2132520,-16244983
Chilevisión,2021-03-31,data/raw/pdf/Chilevisión/47716/2021050210956_2.pdf,7,pdfplumber,trimestre,2021-03-31,actual,11364012,-8164395,3199617,-3725401,-504067,0,-504067
Chilevisión,2021-03-31,data/raw/pdf/Chilevisión/47716/2021050210956_2.pdf,7,pdfplumber,trimestre,2020-03-31,comparativo,8933664,-8284637,649027,-3758601,-3268378,-399186,-3667564
Chilevisión,2021-06-30,data/raw/pdf/Chilevisión/49401/2021090377437_0 (2).pdf,10,pdfplumber,semestre,2021-06-30,actual,28594660,-17366355,11228305,-6650333,4667287,0,4667287
Chilevisión,2021-06-30,data/raw/pdf/Chilevisión/49401/2021090377437_0 (2).pdf,10,pdfplumber,semestre,2020-06-30,comparativo,16318489,-14461210,1857279,-7859377,-6253678,-844080,-7097758
Chilevisión,2021-06-30,data/raw/pdf/Chilevisión/49401/2021090377437_0 (2).pdf,10,pdfplumber,trimestre,2021-06-30,actual,17230648,-9201960,8028688,-2924932,5171354,0,5171354
Chilevisión,2021-06-30,data/raw/pdf/Chilevisión/49401/2021090377437_0 (2).pdf,10,pdfplumber,trimestre,2020-06-30,comparativo,7384825,-6176573,1208252,-4100776,-2985300,-444894,-3430194
Chilevisión,2021-09-30,data/raw/pdf/Chilevisión/49918/2021110477681_1 (1).pdf,7,pdfplumber,acumulado9m,2021-09-30,actual,47944740,-28411426,19533314,-11314764,26971454,-10450,26961004
Chilevisión,2021-09-30,data/raw/pdf/Chilevisión/49918/2021110477681_1 (1).pdf,7,pdfplumber,acumulado9m,2020-09-30,comparativo,26603045,-20985423,5617622,-11872614,-6694809,-844080,-7538889
Chilevisión,2021-09-30,data/raw/pdf/Chilevisión/49918/2021110477681_1 (1).pdf,7,pdfplumber,trimestre,2021-09-30,actual,19350080,-11045071,8305009,-4664431,22304167,-10450,22293717
Chilevisión,2021-09-30,data/raw/pdf/Chilevisión/49918/2021110477681_1 (1).pdf,7,pdfplumber,trimestre,2020-09-30,comparativo,10284556,-6524213,3760343,-4013237,-441131,0,-441131
Chilevisión,2022-03-31,data/raw/pdf/Chilevisión/51270/Estados Financieros Marzo 2022.pdf,7,pdfplumber,trimestre,2022-03-31,actual,17340858,-9665506,7675352,-3056932,3900962,0,3900962
Chilevisión,2022-03-31,data/raw/pdf/Chilevisión/51270/Estados Financieros Marzo 2022.pdf,7,pdfplumber,trimestre,2021-03-31,comparativo,11364012,-8164395,3199617,-3725401,-504067,0,-504067
Chilevisión,2022-06-30,data/raw/pdf/Chilevisión/53290/2022090358208_3.pdf,9,pdfplumber,semestre,2022-06-30,actual,37838403,-19299087,18539316,-6960632,11638563,-961,11637602
Chilevisión,2022-06-30,data/raw/pdf/Chilevisión/53290/2022090358208_3.pdf,9,pdfplumber,semestre,2021-06-30,comparativo,28594660,-17366355,11228305,-6650333,4667287,0,4667287
Chilevisión,2022-06-30,data/raw/pdf/Chilevisión/53290/2022090358208_3.pdf,9,pdfplumber,trimestre,2022-06-30,actual,20497545,-9633581,10863964,-3903700,7737601,-961,7736640
Chilevisión,2022-06-30,data/raw/pdf/Chilevisión/53290/2022090358208_3.pdf,9,pdfplumber,trimestre,2021-06-30,comparativo,17230648,-9201960,8028688,-2924932,5171354,0,5171354
Chilevisión,2022-12-31,data/raw/pdf/Chilevisión/68983/2023030138847_1.pdf,9,pdfplumber,anual,2022-12-31,actual,80568845,-43478422,37090423,-15809571,20582745,-961,20581784
Chilevisión,2022-12-31,data/raw/pdf/Chilevisión/68983/2023030138847_1.pdf,9,pdfplumber,anual,2021-12-31,comparativo,73181442,-44906663,28274779,-16011800,31127872,-10450,31117422
Chilevisión,2023-09-30,data/raw/pdf/Chilevisión/75891/2023110513636_2.pdf,7,pdfplumber,acumulado9m,2023-09-30,actual,54133020,-37394741,16738279,-11586058,4901101,-5205,4895895
Chilevisión,2023-09-30,data/raw/pdf/Chilevisión/75891/2023110513636_2.pdf,7,pdfplumber,acumulado9m,2022-09-30,comparativo,58113647,-30881634,27232013,-10778550,16881083,-961,16880122
Chilevisión,2023-09-30,data/raw/pdf/Chilevisión/75891/2023110513636_2.pdf,7,pdfplumber,trimestre,2023-09-30,actual,21712128,-14308145,7403983,-5749178,1863049,-45639,1817410
Chilevisión,2023-09-30,data/raw/pdf/Chilevisión/75891/2023110513636_2.pdf,7,pdfplumber,trimestre,2022-09-30,comparativo,20275244,-11582547,8692697,-3817918,5242520,0,5242520
Chilevisión,2023-12-31,data/raw/pdf/Chilevisión/79941/2024030188463_3.pdf,10,pdfplumber,anual,2023-12-31,actual,76668211,-55925607,20742604,-16819194,1236906,-5299,1231607
Chilevisión,2023-12-31,data/raw/pdf/Chilevisión/79941/2024030188463_3.pdf,10,pdfplumber,anual,2022-12-31,comparativo,80568845,-43478422,37090423,-15809571,20582745,-961,20581784
Chilevisión,2024-03-31,data/raw/pdf/Chilevisión/82006/Estados financieros_3.pdf,7,pdfplumber,trimestre,2024-03-31,actual,13641433,-13785725,-144292,-3621769,-3956568,0,-3956568
Chilevisión,2024-03-31,data/raw/pdf/Chilevisión/82006/Estados financieros_3.pdf,7,pdfplumber,trimestre,2023-03-31,comparativo,14167085,-10003209,4163876,-3327231,310171,0,310171
Chilevisión,2024-06-30,data/raw/pdf/Chilevisión/85359/2024090483672_2.pdf,9,pdfplumber,semestre,2024-06-30,actual,30856108,-26937606,3918502,-7794035,-3858859,0,-3858859
Chilevisión,2024-06-30,data/raw/pdf/Chilevisión/85359/2024090483672_2.pdf,9,pdfplumber,semestre,2023-06-30,comparativo,32449172,-21965489,10483683,-6957987,3038050,0,3038050
Chilevisión,2024-06-30,data/raw/pdf/Chilevisión/85359/2024090483672_2.pdf,9,pdfplumber,trimestre,2024-06-30,actual,17214675,-13151881,4062794,-4172266,97710,0,97710
Chilevisión,2024-06-30,data/raw/pdf/Chilevisión/85359/2024090483672_2.pdf,9,pdfplumber,trimestre,2023-06-30,comparativo,18282087,-11962280,6319807,-3630751,2727884,0,2727884
Chilevisión,2024-09-30,data/raw/pdf/Chilevisión/88270/2024110655725_1.pdf,7,pdfplumber,acumulado9m,2024-09-30,actual,50052540,-44993124,5059416,-11837614,-7050371,0,-7050371
Chilevisión,2024-09-30,data/raw/pdf/Chilevisión/88270/2024110655725_1.pdf,7,pdfplumber,acumulado9m,2023-09-30,comparativo,54133020,-37394741,16738279,-11586058,4901101,-5205,4895896
Chilevisión,2024-09-30,data/raw/pdf/Chilevisión/88270/2024110655725_1.pdf,7,pdfplumber,trimestre,2024-09-30,actual,19196432,-18055518,1140914,-4043579,-3191512,0,-3191512
Chilevisión,2024-09-30,data/raw/pdf/Chilevisión/88270/2024110655725_1.pdf,7,pdfplumber,trimestre,2023-09-30,comparativo,21683848,-15429252,6254596,-4628071,1863051,-5205,1857846
Chilevisión,2024-12-31,data/raw/pdf/Chilevisión/93017/ESTADOS FINANCIEROS.pdf,10,pdfplumber,anual,2024-12-31,actual,73317526,-63421863,9895663,-16166900,-6916780,0,-6916780
Chilevisión,2024-12-31,data/raw/pdf/Chilevisión/93017/ESTADOS FINANCIEROS.pdf,10,pdfplumber,anual,2023-12-31,comparativo,76668211,-55925607,20742604,-16819194,1236906,-5299,1231607
Chilevisión,2025-03-31,data/raw/pdf/Chilevisión/95049/2025050383970_1.pdf,7,pdfplumber,trimestre,2025-03-31,actual,16431122,-13931224,2499898,-3895228,-1376740,0,-1376740
Chilevisión,2025-03-31,data/raw/pdf/Chilevisión/95049/2025050383970_1.pdf,7,pdfplumber,trimestre,2024-03-31,comparativo,13641433,-13785725,-144292,-3621769,-3956568,0,-3956568
Chilevisión,2025-06-30,data/raw/pdf/Chilevisión/98825/2025090626894_1.pdf,10,pdfplumber,semestre,2025-06-30,actual,35226547,-28953735,6272812,-8959666,-2605074,0,-2605074
Chilevisión,2025-06-30,data/raw/pdf/Chilevisión/98825/2025090626894_1.pdf,10,pdfplumber,semestre,2024-06-30,comparativo,30856108,-26937606,3918502,-7794035,-3858859,0,-3858859
Chilevisión,2025-06-30,data/raw/pdf/Chilevisión/98825/2025090626894_1.pdf,10,pdfplumber,trimestre,2025-06-30,actual,18795426,-15315211,3480215,-4771740,-1228336,0,-1228336
Chilevisión,2025-06-30,data/raw/pdf/Chilevisión/98825/2025090626894_1.pdf,10,pdfplumber,trimestre,2024-06-30,comparativo,17214675,-13151881,4062794,-4172266,97710,0,97710
Chilevisión,2025-09-30,data/raw/pdf/Chilevisión/101642/Estados financieros.pdf,7,pdfplumber,acumulado9m,2025-09-30,actual,52219461,-44192682,8026779,-13008349,-4853571,0,-4853571
Chilevisión,2025-09-30,data/raw/pdf/Chilevisión/101642/Estados financieros.pdf,7,pdfplumber,acumulado9m,2024-09-30,comparativo,50052540,-44993124,5059417,-11837614,-7050371,0,-7050371
Chilevisión,2025-09-30,data/raw/pdf/Chilevisión/101642/Estados financieros.pdf,7,pdfplumber,trimestre,2025-09-30,actual,16992914,-15238947,1753967,-4048683,-2248497,0,-2248497
Chilevisión,2025-09-30,data/raw/pdf/Chilevisión/101642/Estados financieros.pdf,7,pdfplumber,trimestre,2024-09-30,comparativo,19196432,-18055518,1140914,-4043579,-3191512,0,-3191512
Chilevisión,2025-12-31,data/raw/pdf/Chilevisión/109184/2026030214248_1.pdf,11,pdfplumber,anual,2025-12-31,actual,72498180,-59219262,13278918,-18037468,-4403707,0,-4403707
Chilevisión,2025-12-31,data/raw/pdf/Chilevisión/109184/2026030214248_1.pdf,11,pdfplumber,anual,2024-12-31,comparativo,73317526,-63421863,9895663,-16166900,-6916780,0,-6916780
Chilevisión,2026-03-31,data/raw/pdf/Chilevisión/111126/2026050359726_1.pdf,7,pdfplumber,trimestre,2026-03-31,actual,15107634,-13094314,2013320,-4044129,-3646851,0,-3646851
Chilevisión,2026-03-31,data/raw/pdf/Chilevisión/111126/2026050359726_1.pdf,7,pdfplumber,trimestre,2025-03-31,comparativo,16431122,-13931224,2499898,-3895228,-1376740,0,-1376740
Chilevisión,2026-06-30,data/raw/pdf/Chilevisión/113714/2026090594832-1.pdf,8,pdfplumber,semestre,2026-06-30,actual,36231357,-27712816,8518541,-8731198,-2437620,0,-2437620
Chilevisión,2026-06-30,data/raw/pdf/Chilevisión/113714/2026090594832-1.pdf,8,pdfplumber,semestre,2025-06-30,comparativo,35226547,-28953735,6272812,-8959666,-2605074,0,-2605074
Chilevisión,2026-06-30,data/raw/pdf/Chilevisión/113714/2026090594832-1.pdf,8,pdfplumber,trimestre,2026-06-30,actual,21123723,-14618184,6505539,-5043122,1582749,0,1582749
Chilevisión,2026-06-30,data/raw/pdf/Chilevisión/113714/2026090594832-1.pdf,8,pdfplumber,trimestre,2025-06-30,comparativo,18795425,-15315211,3480214,-4771739,-1228336,0,-1228336
La Red,2017-12-31,data/raw/pdf/La Red/29082/articles-29082_recurso_1.pdf,11,ocr300,anual,2017-12-31,actual,6365932,-8999037,-2633105,-1339934,-4654916,-1610,-4656526
La Red,2017-12-31,data/raw/pdf/La Red/29082/articles-29082_recurso_1.pdf,11,ocr300,anual,2016-12-31,comparativo,6728067,-8669368,-1941301,-2015103,-771901,-966,-772867
La Red,2020-03-31,data/raw/pdf/La Red/29050/2020050177661_2.pdf,8,pdfplumber,trimestre,2020-03-31,actual,883508,-1841074,-957566,-192068,-5392316,0,-5392316
La Red,2020-03-31,data/raw/pdf/La Red/29050/2020050177661_2.pdf,8,pdfplumber,trimestre,2019-03-31,comparativo,1040320,-2000646,-960326,-246229,-337267,0,-337267
La Red,2020-06-30,data/raw/pdf/La Red/29820/3.pdf,10,pdfplumber,semestre,2020-06-30,actual,1628152,-3506732,-1878580,-351798,-5641547,-850,-5642397
La Red,2020-06-30,data/raw/pdf/La Red/29820/3.pdf,10,pdfplumber,semestre,2019-06-30,comparativo,2205750,-3975655,-1769905,-571435,-1746130,-2525,-1748655
La Red,2020-09-30,data/raw/pdf/La Red/38814/2020110486093_3.pdf,7,pdfplumber,acumulado9m,2020-09-30,actual,2736238,-4978329,-2242091,-525499,-4719243,-850,-4720093
La Red,2020-09-30,data/raw/pdf/La Red/38814/2020110486093_3.pdf,7,pdfplumber,acumulado9m,2019-09-30,comparativo,3318643,-6186182,-2867539,-864490,-4444434,-2525,-4446959
La Red,2020-12-31,data/raw/pdf/La Red/47351/2021030120869_1.pdf,9,pdfplumber,anual,2020-12-31,actual,4038531,-6545798,-2507267,-728278,-2219050,-850,-2219900
La Red,2020-12-31,data/raw/pdf/La Red/47351/2021030120869_1.pdf,9,pdfplumber,anual,2019-12-31,comparativo,4211423,-8061373,-3849950,-1156033,-5526325,-2525,-5528850
La Red,2021-03-31,data/raw/pdf/La Red/47715/2021050210171_2.pdf,7,pdfplumber,trimestre,2021-03-31,actual,812532,-1667010,-854478,-344102,-1692770,0,-1692770
La Red,2021-03-31,data/raw/pdf/La Red/47715/2021050210171_2.pdf,7,pdfplumber,trimestre,2020-03-31,comparativo,883508,-1841074,-957566,-192068,-5392316,0,-5392316
La Red,2021-06-30,data/raw/pdf/La Red/49398/2021090375853_2.pdf,9,pdfplumber,semestre,2021-06-30,actual,2030895,-3421494,-1390599,-629179,-2811715,0,-2811715
La Red,2021-06-30,data/raw/pdf/La Red/49398/2021090375853_2.pdf,9,pdfplumber,semestre,2020-06-30,comparativo,1628152,-3506732,-1878580,-351798,-5641547,-850,-5642397
La Red,2021-09-30,data/raw/pdf/La Red/49905/2021110476849_2.pdf,7,pdfplumber,acumulado9m,2021-09-30,actual,3360262,-5504544,-2144282,-834535,-5492184,0,-5492184
La Red,2021-09-30,data/raw/pdf/La Red/49905/2021110476849_2.pdf,7,pdfplumber,acumulado9m,2020-09-30,comparativo,2736238,-4978329,-2242091,-525499,-4719243,-850,-4720093
La Red,2021-12-31,data/raw/pdf/La Red/50694/Estados Financieros.pdf,9,ocr300,anual,2021-12-31,actual,4860420,-7474391,-2613971,-1199753,-10009547,0,-10009547
La Red,2021-12-31,data/raw/pdf/La Red/50694/Estados Financieros.pdf,9,ocr300,anual,2020-12-31,comparativo,4038531,-6545798,-2507267,-728278,-2219050,-850,-2219900
La Red,2022-03-31,data/raw/pdf/La Red/51267/ESTADOS FINANCIEROS.pdf,7,pdfplumber,trimestre,2022-03-31,actual,1229831,-1911548,-681717,-254894,1970338,0,1970338
La Red,2022-03-31,data/raw/pdf/La Red/51267/ESTADOS FINANCIEROS.pdf,7,pdfplumber,trimestre,2021-03-31,comparativo,812532,-1667010,-854478,-344102,-1692770,0,-1692770
La Red,2022-06-30,data/raw/pdf/La Red/53287/2022090358063_3.pdf,9,pdfplumber,semestre,2022-06-30,actual,2256017,-3983030,-1727013,-468067,-6124021,0,-6124021
La Red,2022-06-30,data/raw/pdf/La Red/53287/2022090358063_3.pdf,9,pdfplumber,semestre,2021-06-30,comparativo,2030895,-3421494,-1390599,-629179,-2811715,0,-2811715
La Red,2022-09-30,data/raw/pdf/La Red/57119/2022110454862_1.pdf,7,pdfplumber,acumulado9m,2022-09-30,actual,2943178,-6019993,-3076815,-768521,-9349590,0,-9349590
La Red,2022-09-30,data/raw/pdf/La Red/57119/2022110454862_1.pdf,7,pdfplumber,acumulado9m,2021-09-30,comparativo,3360262,-5504544,-2144282,-834535,-5492184,0,-5492184
La Red,2022-12-31,data/raw/pdf/La Red/72570/2023110499561_3.pdf,10,pdfplumber,anual,2022-12-31,actual,3638369,-7490703,-3852334,-899419,-4924086,0,-4924086
La Red,2022-12-31,data/raw/pdf/La Red/72570/2023110499561_3.pdf,10,pdfplumber,anual,2021-12-31,comparativo,4860420,-7474391,-2613971,-1199753,-10009547,0,-10009547
La Red,2023-03-31,data/raw/pdf/La Red/76623/2023120563000_3 (1).pdf,7,pdfplumber,trimestre,2023-03-31,actual,478940,-1268335,-789395,-190618,2346488,0,2346488
La Red,2023-03-31,data/raw/pdf/La Red/76623/2023120563000_3 (1).pdf,7,pdfplumber,trimestre,2022-03-31,comparativo,1229831,-1911548,-681717,-254894,1970338,0,1970338
La Red,2023-06-30,data/raw/pdf/La Red/78503/2024020089846_2.pdf,9,pdfplumber,semestre,2023-06-30,actual,1015686,-2339141,-1323455,-408117,830697,0,830697
La Red,2023-06-30,data/raw/pdf/La Red/78503/2024020089846_2.pdf,9,pdfplumber,semestre,2022-06-30,comparativo,2256017,-3983030,-1727013,-468067,-6124021,0,-6124021
La Red,2023-09-30,data/raw/pdf/La Red/79938/2024030171021_1.pdf,7,pdfplumber,acumulado9m,2023-09-30,actual,1707310,-3444823,-1737513,-600691,-4862862,0,-4862862
La Red,2023-09-30,data/raw/pdf/La Red/79938/2024030171021_1.pdf,7,pdfplumber,acumulado9m,2022-09-30,comparativo,2943178,-6019993,-3076815,-768521,-9349590,0,-9349590
La Red,2023-12-31,data/raw/pdf/La Red/80608/Estados financieros.pdf,10,pdfplumber,anual,2023-12-31,actual,2198014,-4587288,-2389274,-819887,-10602645,0,-10602645
La Red,2023-12-31,data/raw/pdf/La Red/80608/Estados financieros.pdf,10,pdfplumber,anual,2022-12-31,comparativo,3638369,-7490703,-3852334,-899419,-4924086,0,-4924086
La Red,2024-03-31,data/raw/pdf/La Red/82004/2024060331482_3.pdf,7,pdfplumber,trimestre,2024-03-31,actual,454248,-1108014,-653766,-184657,-867021,0,-867021
La Red,2024-03-31,data/raw/pdf/La Red/82004/2024060331482_3.pdf,7,pdfplumber,trimestre,2023-03-31,comparativo,478940,-1268335,-789395,-190618,2346488,0,2346488
La Red,2024-06-30,data/raw/pdf/La Red/85356/2024090481543_3.pdf,9,pdfplumber,semestre,2024-06-30,actual,880290,-2136031,-1255741,-414503,497654,0,497654
La Red,2024-06-30,data/raw/pdf/La Red/85356/2024090481543_3.pdf,9,pdfplumber,semestre,2023-06-30,comparativo,1015686,-2339141,-1323455,-408117,830697,0,830697
La Red,2024-09-30,data/raw/pdf/La Red/88267/2024110658354_2.pdf,7,pdfplumber,acumulado9m,2024-09-30,actual,1222674,-3887478,-2664804,-521512,1819337,0,1819337
La Red,2024-09-30,data/raw/pdf/La Red/88267/2024110658354_2.pdf,7,pdfplumber,acumulado9m,2023-09-30,comparativo,1707310,-3444823,-1737513,-600691,-4862862,0,-4862862
La Red,2024-12-31,data/raw/pdf/La Red/93015/ESTADOS FINANCIEROS.pdf,10,pdfplumber,anual,2024-12-31,actual,1788135,-5340874,-3552739,-703141,-5207085,0,-5207085
La Red,2024-12-31,data/raw/pdf/La Red/93015/ESTADOS FINANCIEROS.pdf,10,pdfplumber,anual,2023-12-31,comparativo,2198014,-4587288,-2389274,-819887,-10602645,0,-10602645
La Red,2025-03-31,data/raw/pdf/La Red/95047/2025050380606_2.pdf,7,pdfplumber,trimestre,2025-03-31,actual,311712,-1023470,-711758,-166718,2948492,0,2948492
La Red,2025-03-31,data/raw/pdf/La Red/95047/2025050380606_2.pdf,7,pdfplumber,trimestre,2024-03-31,comparativo,454248,-1108011,-653763,-184657,-867018,0,-867018
La Red,2025-06-30,data/raw/pdf/La Red/98821/2025090626005_1.pdf,10,pdfplumber,semestre,2025-06-30,actual,578096,-2111435,-1533339,-320136,3232668,0,3232668
La Red,2025-06-30,data/raw/pdf/La Red/98821/2025090626005_1.pdf,10,pdfplumber,semestre,2024-06-30,comparativo,880290,-2136031,-1255741,-414503,497652,0,497652
La Red,2025-09-30,data/raw/pdf/La Red/101640/Estados financieros.pdf,7,pdfplumber,acumulado9m,2025-09-30,actual,730966,-3030135,-2299169,-542916,402993,0,402993
La Red,2025-09-30,data/raw/pdf/La Red/101640/Estados financieros.pdf,7,pdfplumber,acumulado9m,2024-09-30,comparativo,1222674,-3887478,-2664804,-521512,1819337,0,1819337
La Red,2025-12-31,data/raw/pdf/La Red/110595/2026050319078_1.pdf,10,pdfplumber,anual,2025-12-31,actual,966706,-4209131,-3242425,-759474,1915151,0,1915151
La Red,2025-12-31,data/raw/pdf/La Red/110595/2026050319078_1.pdf,10,pdfplumber,anual,2024-12-31,comparativo,1788135,-5340874,-3552739,-703141,-5207085,0,-5207085
Mega,2019-12-31,data/raw/pdf/Mega/28606/archivo_3.pdf,11,pdfplumber,anual,2019-12-31,actual,86612405,-72351517,14260888,-11867239,671899,-489216,182683
Mega,2019-12-31,data/raw/pdf/Mega/28606/archivo_3.pdf,11,pdfplumber,anual,2018-12-31,comparativo,95734135,-75412903,20321232,-14771314,3412587,-1082236,2330351
Mega,2020-03-31,data/raw/pdf/Mega/29051/2020050177471_2.pdf,8,pdfplumber,trimestre,2020-03-31,actual,16321301,-14146026,2175275,-3307516,-1609198,383952,-1225246
Mega,2020-03-31,data/raw/pdf/Mega/29051/2020050177471_2.pdf,8,pdfplumber,trimestre,2019-03-31,comparativo,20484518,-16521396,3963122,-2791258,895580,-266655,628925
Mega,2020-06-30,data/raw/pdf/Mega/29822/3.pdf,10,pdfplumber,semestre,2020-06-30,actual,30402094,-29381942,1020152,-6172326,-5794125,1394363,-4399762
Mega,2020-06-30,data/raw/pdf/Mega/29822/3.pdf,10,pdfplumber,semestre,2019-06-30,comparativo,46479623,-37847264,8632359,-5701578,2189759,-709852,1479907
Mega,2020-06-30,data/raw/pdf/Mega/29822/3.pdf,10,pdfplumber,trimestre,2020-06-30,actual,14080793,-15235916,-1155123,-2864810,-4184927,1010411,-3174516
Mega,2020-06-30,data/raw/pdf/Mega/29822/3.pdf,10,pdfplumber,trimestre,2019-06-30,comparativo,25995105,-21325868,4669237,-2910320,1294179,-443197,850982
Mega,2020-09-30,data/raw/pdf/Mega/38819/2020110485843_2.pdf,8,pdfplumber,acumulado9m,2020-09-30,actual,46851862,-39953231,6898631,-9236001,-3108162,-4240019,-7348181
Mega,2020-09-30,data/raw/pdf/Mega/38819/2020110485843_2.pdf,8,pdfplumber,acumulado9m,2019-09-30,comparativo,69082680,-55698122,13384558,-9984969,2076357,-246207,1830150
Mega,2020-09-30,data/raw/pdf/Mega/38819/2020110485843_2.pdf,8,pdfplumber,trimestre,2020-09-30,actual,16449768,-9972525,6477243,-2842417,3478458,-5977430,-2498972
Mega,2020-09-30,data/raw/pdf/Mega/38819/2020110485843_2.pdf,8,pdfplumber,trimestre,2019-09-30,comparativo,22603057,-17746112,4856945,-4016618,252896,14599,267495
Mega,2020-12-31,data/raw/pdf/Mega/47352/2021030123006_1.pdf,11,pdfplumber,anual,2020-12-31,actual,70220598,-55472853,14747745,-12760039,1167858,-5155898,-3988040
Mega,2020-12-31,data/raw/pdf/Mega/47352/2021030123006_1.pdf,11,pdfplumber,anual,2019-12-31,comparativo,86612405,-72644630,13967775,-12359542,-102888,286930,184042
Mega,2021-03-31,data/raw/pdf/Mega/47717/2021050208939_1.pdf,8,pdfplumber,trimestre,2021-03-31,actual,17052317,-12914664,4137653,-3191244,677337,99160,776497
Mega,2021-03-31,data/raw/pdf/Mega/47717/2021050208939_1.pdf,8,pdfplumber,trimestre,2020-03-31,comparativo,16321301,-14296960,2024341,-3422794,-1872797,634992,-1237805
Mega,2021-06-30,data/raw/pdf/Mega/49403/2021090374840_0 (1).pdf,11,pdfplumber,semestre,2021-06-30,actual,39696978,-30628695,9068283,-6681624,1879065,-142924,1736141
Mega,2021-06-30,data/raw/pdf/Mega/49403/2021090374840_0 (1).pdf,11,pdfplumber,semestre,2020-06-30,comparativo,30402094,-29980706,421388,-6394909,-6587945,1737411,-4850534
Mega,2021-06-30,data/raw/pdf/Mega/49403/2021090374840_0 (1).pdf,11,pdfplumber,trimestre,2021-06-30,actual,22644661,-17714031,4930630,-3490380,1201728,-242084,959644
Mega,2021-06-30,data/raw/pdf/Mega/49403/2021090374840_0 (1).pdf,11,pdfplumber,trimestre,2020-06-30,comparativo,14080793,-15683746,-1602953,-2972115,-4715148,1102419,-3612729
Mega,2021-09-30,data/raw/pdf/Mega/49907/2021110471982_1.pdf,8,pdfplumber,acumulado9m,2021-09-30,actual,65442222,-48083424,17358798,-10864555,5455098,-925755,4529343
Mega,2021-09-30,data/raw/pdf/Mega/49907/2021110471982_1.pdf,8,pdfplumber,acumulado9m,2020-09-30,comparativo,46851862,-39953231,6898631,-9236001,-3108162,-4240019,-7348181
Mega,2021-09-30,data/raw/pdf/Mega/49907/2021110471982_1.pdf,8,pdfplumber,trimestre,2021-09-30,actual,25745244,-17454729,8290515,-4182931,3576033,-782831,2793202
Mega,2021-09-30,data/raw/pdf/Mega/49907/2021110471982_1.pdf,8,pdfplumber,trimestre,2020-09-30,comparativo,16449768,-9972525,6477243,-2842417,3478458,-5977430,-2498972
Mega,2022-03-31,data/raw/pdf/Mega/51272/Ficha y Notas Megamedia S.A. 31.03.2022.pdf,8,pdfplumber,trimestre,2022-03-31,actual,23406162,-16509620,6896542,-3491565,3315022,-459640,2855382
Mega,2022-03-31,data/raw/pdf/Mega/51272/Ficha y Notas Megamedia S.A. 31.03.2022.pdf,8,pdfplumber,trimestre,2021-03-31,comparativo,17052317,-12914664,4137653,-3191244,677337,99160,776497
Mega,2022-06-30,data/raw/pdf/Mega/53293/2022090356584_1.pdf,11,pdfplumber,semestre,2022-06-30,actual,49586290,-33724605,15861685,-8323313,7257091,-763427,6493664
Mega,2022-06-30,data/raw/pdf/Mega/53293/2022090356584_1.pdf,11,pdfplumber,semestre,2021-06-30,comparativo,39696978,-30628695,9068283,-6681624,1879065,-142924,1736141
Mega,2022-06-30,data/raw/pdf/Mega/53293/2022090356584_1.pdf,11,pdfplumber,trimestre,2022-06-30,actual,26180128,-17214985,8965143,-4831748,3942069,-303787,3638282
Mega,2022-06-30,data/raw/pdf/Mega/53293/2022090356584_1.pdf,11,pdfplumber,trimestre,2021-06-30,comparativo,22644661,-17714031,4930630,-3490380,1201728,-242084,959644
Mega,2022-09-30,data/raw/pdf/Mega/57125/2022110448272_0.pdf,8,pdfplumber,acumulado9m,2022-09-30,actual,74445008,-52889371,21555637,-13130679,7861298,-256670,7604628
Mega,2022-09-30,data/raw/pdf/Mega/57125/2022110448272_0.pdf,8,pdfplumber,acumulado9m,2021-09-30,comparativo,65442222,-48083424,17358798,-10864555,5455098,-925755,4529343
Mega,2022-09-30,data/raw/pdf/Mega/57125/2022110448272_0.pdf,8,pdfplumber,trimestre,2022-09-30,actual,24858718,-19164766,5693952,-4807366,604207,506757,1110964
Mega,2022-09-30,data/raw/pdf/Mega/57125/2022110448272_0.pdf,8,pdfplumber,trimestre,2021-09-30,comparativo,25745244,-17454729,8290515,-4182931,3576033,-782831,2793202
Mega,2022-12-31,data/raw/pdf/Mega/68984/2023030137794_1.pdf,11,pdfplumber,anual,2022-12-31,actual,102565657,-70344903,32220754,-17090049,15035242,-1739342,13295900
Mega,2022-12-31,data/raw/pdf/Mega/68984/2023030137794_1.pdf,11,pdfplumber,anual,2021-12-31,comparativo,98458671,-66635964,31822707,-14892224,15653872,-3134483,12519389
Mega,2023-03-31,data/raw/pdf/Mega/70646/2023050231873_1.pdf,8,pdfplumber,trimestre,2023-03-31,actual,20478436,-17070689,3407747,-4393117,-651794,412685,-239109
Mega,2023-03-31,data/raw/pdf/Mega/70646/2023050231873_1.pdf,8,pdfplumber,trimestre,2022-03-31,comparativo,23406162,-16509620,6896542,-3491565,3315022,-459640,2855382
Mega,2023-06-30,data/raw/pdf/Mega/73702/2023090392195-2 Megamedia S.A. Ficha y notas al 30.06.2023.pdf,11,pdfplumber,semestre,2023-06-30,actual,45273783,-35617345,9656438,-8294892,1948248,35772,1984020
Mega,2023-06-30,data/raw/pdf/Mega/73702/2023090392195-2 Megamedia S.A. Ficha y notas al 30.06.2023.pdf,11,pdfplumber,semestre,2022-06-30,comparativo,49586290,-33724605,15861685,-8323313,7257091,-763427,6493664
Mega,2023-06-30,data/raw/pdf/Mega/73702/2023090392195-2 Megamedia S.A. Ficha y notas al 30.06.2023.pdf,11,pdfplumber,trimestre,2023-06-30,actual,24795347,-18546656,6248691,-3901775,2600042,-376913,2223129
Mega,2023-06-30,data/raw/pdf/Mega/73702/2023090392195-2 Megamedia S.A. Ficha y notas al 30.06.2023.pdf,11,pdfplumber,trimestre,2022-06-30,comparativo,26180128,-17214985,8965143,-4831748,3942069,-303787,3638282
Mega,2023-09-30,data/raw/pdf/Mega/75893/2023110516283_2.pdf,8,pdfplumber,acumulado9m,2023-09-30,actual,70023830,-52851524,17172306,-13079425,5180754,-781442,4399312
Mega,2023-09-30,data/raw/pdf/Mega/75893/2023110516283_2.pdf,8,pdfplumber,acumulado9m,2022-09-30,comparativo,74445008,-52889371,21555637,-13130679,7861298,-256670,7604628
Mega,2023-09-30,data/raw/pdf/Mega/75893/2023110516283_2.pdf,8,pdfplumber,trimestre,2023-09-30,actual,24750047,-17234179,7515868,-4784533,3232506,-817214,2415292
Mega,2023-09-30,data/raw/pdf/Mega/75893/2023110516283_2.pdf,8,pdfplumber,trimestre,2022-09-30,comparativo,24858718,-19164766,5693952,-4807366,604207,506757,1110964
Mega,2023-09-30,data/raw/pdf/Mega/75893/2023110516283_3.pdf,8,pdfplumber,acumulado9m,2023-09-30,actual,70023830,-52851524,17172306,-13079425,5180754,-781442,4399312
Mega,2023-09-30,data/raw/pdf/Mega/75893/2023110516283_3.pdf,8,pdfplumber,acumulado9m,2022-09-30,comparativo,74445008,-52889371,21555637,-13130679,7861298,-256670,7604628
Mega,2023-09-30,data/raw/pdf/Mega/75893/2023110516283_3.pdf,8,pdfplumber,trimestre,2023-09-30,actual,24750047,-17234179,7515868,-4784533,3232506,-817214,2415292
Mega,2023-09-30,data/raw/pdf/Mega/75893/2023110516283_3.pdf,8,pdfplumber,trimestre,2022-09-30,comparativo,24858718,-19164766,5693952,-4807366,604207,506757,1110964
Mega,2023-12-31,data/raw/pdf/Mega/79942/2024030188005_2.pdf,12,pdfplumber,anual,2023-12-31,actual,97817821,-70273169,27544652,-17718721,10644537,-1877816,8766721
Mega,2023-12-31,data/raw/pdf/Mega/79942/2024030188005_2.pdf,12,pdfplumber,anual,2022-12-31,comparativo,102565657,-70344903,32220754,-17090049,15035242,-1739342,13295900
Mega,2024-06-30,data/raw/pdf/Mega/85360/2024090483478_2.pdf,12,pdfplumber,semestre,2024-06-30,actual,49977132,-36464311,13512821,-7965101,7081269,-1805417,5275852
Mega,2024-06-30,data/raw/pdf/Mega/85360/2024090483478_2.pdf,12,pdfplumber,semestre,2023-06-30,comparativo,45273783,-35617345,9656438,-8294892,1948248,35772,1984020
Mega,2024-06-30,data/raw/pdf/Mega/85360/2024090483478_2.pdf,12,pdfplumber,trimestre,2024-06-30,actual,28738673,-19142030,9596643,-3963020,5137053,-1425976,3711077
Mega,2024-06-30,data/raw/pdf/Mega/85360/2024090483478_2.pdf,12,pdfplumber,trimestre,2023-06-30,comparativo,24795347,-18546656,6248691,-3901775,2600042,-376913,2223129
Mega,2024-09-30,data/raw/pdf/Mega/88269/2024110652109_2.pdf,9,pdfplumber,acumulado9m,2024-09-30,actual,75226394,-55545771,19680623,-13622526,7437767,-1779457,5658310
Mega,2024-09-30,data/raw/pdf/Mega/88269/2024110652109_2.pdf,9,pdfplumber,acumulado9m,2023-09-30,comparativo,70023830,-52851524,17172306,-13079425,5180754,-781442,4399312
Mega,2024-09-30,data/raw/pdf/Mega/88269/2024110652109_2.pdf,9,pdfplumber,trimestre,2024-09-30,actual,25249262,-19081460,6167802,-5657425,356498,25960,382458
Mega,2024-09-30,data/raw/pdf/Mega/88269/2024110652109_2.pdf,9,pdfplumber,trimestre,2023-09-30,comparativo,24750047,-17234179,7515868,-4784533,3232506,-817214,2415292
Mega,2024-12-31,data/raw/pdf/Mega/93019/ESTADOS FINANCIEROS.pdf,12,pdfplumber,anual,2024-12-31,actual,102919851,-77029808,25890043,-19051741,7591503,4753015,12344518
Mega,2024-12-31,data/raw/pdf/Mega/93019/ESTADOS FINANCIEROS.pdf,12,pdfplumber,anual,2023-12-31,comparativo,97817821,-70273169,27544652,-17718721,10644537,-1877816,8766721
Mega,2025-03-31,data/raw/pdf/Mega/95052/2025050382210_1 (1).pdf,9,pdfplumber,trimestre,2025-03-31,actual,28715050,-25150501,3564549,-4327095,-254002,297272,43270
Mega,2025-03-31,data/raw/pdf/Mega/95052/2025050382210_1 (1).pdf,9,pdfplumber,trimestre,2024-03-31,comparativo,21238459,-17322281,3916178,-4002081,1944216,-379441,1564775
Mega,2025-06-30,data/raw/pdf/Mega/98823/2025090625950_1.pdf,10,pdfplumber,semestre,2025-06-30,actual,54549411,-43019918,11529493,-8781861,3443762,-565215,2878547
Mega,2025-06-30,data/raw/pdf/Mega/98823/2025090625950_1.pdf,10,pdfplumber,semestre,2024-06-30,comparativo,49977132,-36464311,13512821,-7965101,7081269,-1805417,5275852
Mega,2025-06-30,data/raw/pdf/Mega/98823/2025090625950_1.pdf,10,pdfplumber,trimestre,2025-06-30,actual,25834361,-17869417,7964944,-4454766,3697764,-862487,2835277
Mega,2025-06-30,data/raw/pdf/Mega/98823/2025090625950_1.pdf,10,pdfplumber,trimestre,2024-06-30,comparativo,28738673,-19142030,9596643,-3963020,5137053,-1425976,3711077
Mega,2025-09-30,data/raw/pdf/Mega/101641/Estados financieros.pdf,9,pdfplumber,acumulado9m,2025-09-30,actual,78858624,-60471720,18386904,-13731857,4375807,-706891,3668916
Mega,2025-09-30,data/raw/pdf/Mega/101641/Estados financieros.pdf,9,pdfplumber,acumulado9m,2024-09-30,comparativo,75226394,-55545771,19680623,-13622526,7437767,-1779457,5658310
Mega,2025-09-30,data/raw/pdf/Mega/101641/Estados financieros.pdf,9,pdfplumber,trimestre,2025-09-30,actual,24309213,-17451802,6857411,-4949996,932045,-141676,790369
Mega,2025-09-30,data/raw/pdf/Mega/101641/Estados financieros.pdf,9,pdfplumber,trimestre,2024-09-30,comparativo,25249262,-19081460,6167802,-5657425,356498,25960,382458
Mega,2025-12-31,data/raw/pdf/Mega/109207/2026030222620_1.pdf,11,pdfplumber,anual,2025-12-31,actual,104840064,-79439435,25400629,-19409170,6089361,-1173121,4916240
Mega,2025-12-31,data/raw/pdf/Mega/109207/2026030222620_1.pdf,11,pdfplumber,anual,2024-12-31,comparativo,102919851,-77029808,25890043,-19051741,7591503,4753015,12344518
TV+,2019-12-31,data/raw/pdf/TV+/28568/archivo(2).pdf,8,pdfplumber,anual,2019-12-31,actual,3521641,-2893248,628393,-708091,-271333,89271,-182062
TV+,2019-12-31,data/raw/pdf/TV+/28568/archivo(2).pdf,8,pdfplumber,anual,2018-12-31,comparativo,4069472,-2899477,1169995,-841527,255027,-76912,178115
TV+,2020-12-31,data/raw/pdf/TV+/47354/2021030116956_1.pdf,7,pdfplumber,anual,2020-12-31,actual,4462207,-3353581,1108626,-699957,259875,-110424,149451
TV+,2020-12-31,data/raw/pdf/TV+/47354/2021030116956_1.pdf,7,pdfplumber,anual,2019-12-31,comparativo,3521641,-2893248,628393,-708091,-271333,89271,-182062
TV+,2021-12-31,data/raw/pdf/TV+/50696/Fecu.pdf,7,pdftotext-raw,anual,2021-12-31,actual,5549515,-3971638,1577877,-721285,664922,-191206,473716
TV+,2021-12-31,data/raw/pdf/TV+/50696/Fecu.pdf,7,pdftotext-raw,anual,2020-12-31,comparativo,4462207,-3353581,1108626,-699957,259875,-110424,149451
TV+,2022-06-30,data/raw/pdf/TV+/53289/2022090352724_2.pdf,7,pdftotext-raw,semestre,2022-06-30,actual,2721449,-1999739,721710,-493953,115471,-37009,78462
TV+,2022-06-30,data/raw/pdf/TV+/53289/2022090352724_2.pdf,7,pdftotext-raw,semestre,2021-06-30,comparativo,2293309,-1760579,532730,-354576,76710,-16568,60142
TV+,2022-06-30,data/raw/pdf/TV+/53289/2022090352724_2.pdf,7,pdftotext-raw,trimestre,2022-06-30,actual,1537235,-1053064,484171,-223268,218492,-54261,164231
TV+,2022-06-30,data/raw/pdf/TV+/53289/2022090352724_2.pdf,7,pdftotext-raw,trimestre,2021-06-30,comparativo,1258216,-956518,301698,-151310,121041,-16568,104473
TV+,2022-12-31,data/raw/pdf/TV+/68980/2023030131118_2.pdf,7,pdfplumber,anual,2022-12-31,actual,5662312,-4297657,1364655,-1004763,102367,52101,154468
TV+,2022-12-31,data/raw/pdf/TV+/68980/2023030131118_2.pdf,7,pdfplumber,anual,2021-12-31,comparativo,5549515,-3971638,1577877,-737251,664922,-191206,473716
TV+,2023-06-30,data/raw/pdf/TV+/73704/2023090382166-0 FECU JUNIO 2023.pdf,7,pdfplumber,semestre,2023-06-30,actual,2384914,-2162930,221984,-523687,-341784,-19324,-361108
TV+,2023-06-30,data/raw/pdf/TV+/73704/2023090382166-0 FECU JUNIO 2023.pdf,7,pdfplumber,semestre,2022-06-30,comparativo,2721449,-1999739,721710,-493953,115471,-37009,78462
TV+,2023-06-30,data/raw/pdf/TV+/73704/2023090382166-0 FECU JUNIO 2023.pdf,7,pdfplumber,trimestre,2023-06-30,actual,1283371,-1116384,166987,-268426,-140220,0,-140220
TV+,2023-06-30,data/raw/pdf/TV+/73704/2023090382166-0 FECU JUNIO 2023.pdf,7,pdfplumber,trimestre,2022-06-30,comparativo,1537235,-1053064,484171,-223268,218492,-54261,164231
TV+,2023-12-31,data/raw/pdf/TV+/79943/2024030188019_4.pdf,8,pdfplumber,anual,2023-12-31,actual,4706169,-4392160,314009,-1035773,-875574,281980,-593594
TV+,2023-12-31,data/raw/pdf/TV+/79943/2024030188019_4.pdf,8,pdfplumber,anual,2022-12-31,comparativo,5662312,-4297657,1364655,-1004763,102367,52101,154468
TV+,2024-03-31,data/raw/pdf/TV+/82009/Estados financieros_0.pdf,5,pdfplumber,trimestre,2024-03-31,actual,845352,-973474,-128122,-232801,-472971,-82566,-555537
TV+,2024-03-31,data/raw/pdf/TV+/82009/Estados financieros_0.pdf,5,pdfplumber,trimestre,2023-03-31,comparativo,1103944,-1052305,51639,-255261,-201906,-36326,-238232
TV+,2024-06-30,data/raw/pdf/TV+/85362/2024090475132_3.pdf,7,pdfplumber,semestre,2024-06-30,actual,1968126,-1961233,6893,-452082,-696211,-85163,-781374
TV+,2024-06-30,data/raw/pdf/TV+/85362/2024090475132_3.pdf,7,pdfplumber,semestre,2023-06-30,comparativo,2384914,-2162930,221984,-523687,-341784,-19324,-361108
TV+,2024-06-30,data/raw/pdf/TV+/85362/2024090475132_3.pdf,7,pdfplumber,trimestre,2024-06-30,actual,1122774,-990438,132336,-216603,-234354,-2596,-236950
TV+,2024-06-30,data/raw/pdf/TV+/85362/2024090475132_3.pdf,7,pdfplumber,trimestre,2023-06-30,comparativo,1283371,-1116384,166987,-268426,-140220,0,-140220
TV+,2024-12-31,data/raw/pdf/TV+/93021/ESTADOS FINACIONEROS.pdf,9,pdfplumber,anual,2024-12-31,actual,4314302,-4191808,122494,-920124,-1338101,345935,-992166
TV+,2024-12-31,data/raw/pdf/TV+/93021/ESTADOS FINACIONEROS.pdf,9,pdfplumber,anual,2023-12-31,comparativo,4706169,-4392160,314009,-1035773,-875574,281980,-593594
TV+,2025-06-30,data/raw/pdf/TV+/98826/2025090624759_3.pdf,7,pdfplumber,semestre,2025-06-30,actual,1726601,-1981965,-255364,-465254,-1067811,264024,-803787
TV+,2025-06-30,data/raw/pdf/TV+/98826/2025090624759_3.pdf,7,pdfplumber,semestre,2024-06-30,comparativo,1968126,-1961233,6893,-452082,-696211,-85163,-781374
TV+,2025-06-30,data/raw/pdf/TV+/98826/2025090624759_3.pdf,7,pdfplumber,trimestre,2025-06-30,actual,888973,-1037591,-148618,-246130,-583718,74132,-509586
TV+,2025-06-30,data/raw/pdf/TV+/98826/2025090624759_3.pdf,7,pdfplumber,trimestre,2024-06-30,comparativo,1122774,-990438,132336,-216603,-234354,-2596,-236950
TV+,2025-12-31,data/raw/pdf/TV+/109185/2026030214030_2.pdf,9,pdfplumber,anual,2025-12-31,actual,3724647,-4055487,-330840,-850486,-1006910,275430,-731480
TV+,2025-12-31,data/raw/pdf/TV+/109185/2026030214030_2.pdf,9,pdfplumber,anual,2024-12-31,comparativo,4314302,-4191808,122494,-920124,-1338101,355440,-982661
TV+,2026-03-31,data/raw/pdf/TV+/111128/2026050359074_2.pdf,5,pdfplumber,trimestre,2026-03-31,actual,656874,-801424,-144549,-154688,-355973,-845,-356818
TV+,2026-03-31,data/raw/pdf/TV+/111128/2026050359074_2.pdf,5,pdfplumber,trimestre,2025-03-31,comparativo,837628,-944434,-106806,-229004,-494032,189892,-304140
TV+,2026-06-30,data/raw/pdf/TV+/113712/2026090594782-2.pdf,8,pdfplumber,semestre,2026-06-30,actual,1366132,-1658732,-292600,-300205,-688542,-75122,-763664
TV+,2026-06-30,data/raw/pdf/TV+/113712/2026090594782-2.pdf,8,pdfplumber,semestre,2025-06-30,comparativo,1726601,-1981965,-255364,-465254,-1067810,264024,-803786
TV+,2026-06-30,data/raw/pdf/TV+/113712/2026090594782-2.pdf,8,pdfplumber,trimestre,2026-06-30,actual,709258,-865834,-156576,-136991,-332568,-74277,-406845
TV+,2026-06-30,data/raw/pdf/TV+/113712/2026090594782-2.pdf,8,pdfplumber,trimestre,2025-06-30,comparativo,888973,-1037591,-148618,-246130,-583718,74132,-509586
TVN,2011-06-30,data/raw/pdf/TVN/Estados-Financieros-TVN-2011-06/Estados-Financieros-TVN-2011-06.pdf,8,pdftotext-raw,semestre,2011-06-30,actual,36332272,-27237934,9094338,-6764632,2382239,-404165,1978074
TVN,2011-06-30,data/raw/pdf/TVN/Estados-Financieros-TVN-2011-06/Estados-Financieros-TVN-2011-06.pdf,8,pdftotext-raw,semestre,2010-06-30,comparativo,36006959,-26268520,9738439,-6744650,2740065,-466465,2273600
TVN,2011-06-30,data/raw/pdf/TVN/Estados-Financieros-TVN-2011-06/Estados-Financieros-TVN-2011-06.pdf,8,pdftotext-raw,trimestre,2011-06-30,actual,20213033,-14700419,5512614,-3660652,2004822,-342917,1661905
TVN,2011-06-30,data/raw/pdf/TVN/Estados-Financieros-TVN-2011-06/Estados-Financieros-TVN-2011-06.pdf,8,pdftotext-raw,trimestre,2010-06-30,comparativo,22578450,-14734140,7844310,-3787435,3714818,-591111,3123707
TVN,2011-12-31,data/raw/pdf/TVN/Estados-Financieros-TVN-2011-12/Estados-Financieros-TVN-2011-12.pdf,7,pdfplumber,anual,2011-12-31,actual,80246610,-60347600,19899010,-15301350,5247444,-849854,4397590
TVN,2011-12-31,data/raw/pdf/TVN/Estados-Financieros-TVN-2011-12/Estados-Financieros-TVN-2011-12.pdf,7,pdfplumber,anual,2010-12-31,comparativo,81126582,-55633715,25492867,-16679265,8529763,-847716,7682047
TVN,2011-12-31,data/raw/pdf/TVN/Estados-Financieros-TVN-2011-12/Estados-Financieros-TVN-2011-12.pdf,7,pdfplumber,trimestre,2011-12-31,actual,23172050,-18044800,5127250,-4780013,805383,1516,806899
TVN,2011-12-31,data/raw/pdf/TVN/Estados-Financieros-TVN-2011-12/Estados-Financieros-TVN-2011-12.pdf,7,pdfplumber,trimestre,2010-12-31,comparativo,22980312,-14704137,8276175,-4789294,3470241,-9750,3460491
TVN,2012-06-30,data/raw/pdf/TVN/Estados-Financieros-TVN-2012-06/Estados-Financieros-TVN-2012-06.pdf,7,pdfplumber,semestre,2012-06-30,actual,33473242,-27369419,6103823,-6453905,34106,184163,218269
TVN,2012-06-30,data/raw/pdf/TVN/Estados-Financieros-TVN-2012-06/Estados-Financieros-TVN-2012-06.pdf,7,pdfplumber,semestre,2011-06-30,comparativo,36332272,-27237934,9094338,-6764632,2382239,-404165,1978074
TVN,2012-06-30,data/raw/pdf/TVN/Estados-Financieros-TVN-2012-06/Estados-Financieros-TVN-2012-06.pdf,7,pdfplumber,trimestre,2012-06-30,actual,19372661,-14850112,4522549,-3663338,1025896,-82617,943279
TVN,2012-06-30,data/raw/pdf/TVN/Estados-Financieros-TVN-2012-06/Estados-Financieros-TVN-2012-06.pdf,7,pdfplumber,trimestre,2011-06-30,comparativo,20213033,-14700419,5512614,-3660652,2004822,-342917,1661905
TVN,2012-12-31,data/raw/pdf/TVN/Estados-Financieros-TVN-2012-12/Estados-Financieros-TVN-2012-12.pdf,8,pdfplumber,anual,2012-12-31,actual,77432144,-60276415,17155729,-15038863,3214730,-181895,3032835
TVN,2012-12-31,data/raw/pdf/TVN/Estados-Financieros-TVN-2012-12/Estados-Financieros-TVN-2012-12.pdf,8,pdfplumber,anual,2011-12-31,comparativo,80246610,-60347600,19899010,-15301350,5247444,-849854,4397590
TVN,2012-12-31,data/raw/pdf/TVN/Estados-Financieros-TVN-2012-12/Estados-Financieros-TVN-2012-12.pdf,8,pdfplumber,trimestre,2012-12-31,actual,23393044,-16495281,6897763,-4873593,2335193,-358712,1976481
TVN,2012-12-31,data/raw/pdf/TVN/Estados-Financieros-TVN-2012-12/Estados-Financieros-TVN-2012-12.pdf,8,pdfplumber,trimestre,2011-12-31,comparativo,23172050,-18044800,5127250,-4780013,805383,1516,806899
TVN,2013-12-31,data/raw/pdf/TVN/Estados-Financieros-TVN-2013-12/Estados-Financieros-TVN-2013-12.pdf,9,pdfplumber,anual,2013-12-31,actual,78770316,-61693527,17076789,-14127242,4676799,-527659,4149140
TVN,2013-12-31,data/raw/pdf/TVN/Estados-Financieros-TVN-2013-12/Estados-Financieros-TVN-2013-12.pdf,9,pdfplumber,anual,2012-12-31,comparativo,77432144,-60276415,17155729,-15038863,3214730,-181895,3032835
TVN,2014-12-31,data/raw/pdf/TVN/Estados-Financieros-TVN-2014-12/Estados-Financieros-TVN-2014-12.pdf,8,pdfplumber,anual,2014-12-31,actual,75861667,-71334432,4527235,-16003950,-9824643,3231498,-6593145
TVN,2014-12-31,data/raw/pdf/TVN/Estados-Financieros-TVN-2014-12/Estados-Financieros-TVN-2014-12.pdf,8,pdfplumber,anual,2013-12-31,comparativo,78770316,-61693527,17076789,-14127242,4676799,-527659,4149140
TVN,2015-12-31,data/raw/pdf/TVN/Estados-Financieros-TVN-2015-12/Estados-Financieros-TVN-2015-12.pdf,8,pdfplumber,anual,2015-12-31,actual,49705076,-71801401,-22096325,-12552159,-34756863,8764854,-25992009
TVN,2015-12-31,data/raw/pdf/TVN/Estados-Financieros-TVN-2015-12/Estados-Financieros-TVN-2015-12.pdf,8,pdfplumber,anual,2014-12-31,comparativo,75861667,-74212598,1649069,-13125784,-9824643,3231498,-6593145
TVN,2016-06-30,data/raw/pdf/TVN/Estados-Financieros-TVN-2016-06/Estados-Financieros-TVN-2016-06.pdf,8,pdftotext-raw,semestre,2016-06-30,actual,20527246,-22281928,-1754682,-4718465,-6976159,1017464,-5958695
TVN,2016-06-30,data/raw/pdf/TVN/Estados-Financieros-TVN-2016-06/Estados-Financieros-TVN-2016-06.pdf,8,pdftotext-raw,semestre,2015-06-30,comparativo,23164538,-32525091,-9360553,-5798868,-15097183,4133821,-10963362
TVN,2016-06-30,data/raw/pdf/TVN/Estados-Financieros-TVN-2016-06/Estados-Financieros-TVN-2016-06.pdf,8,pdftotext-raw,trimestre,2016-06-30,actual,11229092,-12023173,-794081,-2652471,-3759606,-156360,-3915966
TVN,2016-06-30,data/raw/pdf/TVN/Estados-Financieros-TVN-2016-06/Estados-Financieros-TVN-2016-06.pdf,8,pdftotext-raw,trimestre,2015-06-30,comparativo,13800252,-18126439,-4326187,-3219009,-7602578,2202182,-5400396
TVN,2016-12-31,data/raw/pdf/TVN/Estados-Financieros-TVN-2016-12/Estados-Financieros-TVN-2016-12.pdf,8,pdftotext-raw,anual,2016-12-31,actual,48781990,-50458570,-1676580,-10691228,-14026922,-655812,-14682734
TVN,2016-12-31,data/raw/pdf/TVN/Estados-Financieros-TVN-2016-12/Estados-Financieros-TVN-2016-12.pdf,8,pdftotext-raw,anual,2015-12-31,comparativo,49705076,-71801401,-22096325,-12552159,-34756863,8764854,-25992009
TVN,2017-03-31,data/raw/pdf/TVN/fecu_mar_2017_libro/fecu_mar_2017_libro.pdf,6,pdfplumber,trimestre,2017-03-31,actual,11347715,-12249882,-902167,-2147889,-3533478,-70990,-3604468
TVN,2017-03-31,data/raw/pdf/TVN/fecu_mar_2017_libro/fecu_mar_2017_libro.pdf,6,pdfplumber,trimestre,2016-03-31,comparativo,9298154,-10258755,-960601,-2065994,-3216553,1173824,-2042729
TVN,2017-06-30,data/raw/pdf/TVN/fecu_jun_2017_libro/fecu_jun_2017_libro.pdf,8,pdftotext-raw,semestre,2017-06-30,actual,25242798,-25185415,57383,-4788457,-5809882,1475062,-4334820
TVN,2017-06-30,data/raw/pdf/TVN/fecu_jun_2017_libro/fecu_jun_2017_libro.pdf,8,pdftotext-raw,semestre,2016-06-30,comparativo,20527246,-22281928,-1754682,-4718465,-6976159,1017464,-5958695
TVN,2017-06-30,data/raw/pdf/TVN/fecu_jun_2017_libro/fecu_jun_2017_libro.pdf,8,pdftotext-raw,trimestre,2017-06-30,actual,13895083,-12935533,959550,-2640568,-2276404,1546052,-730352
TVN,2017-06-30,data/raw/pdf/TVN/fecu_jun_2017_libro/fecu_jun_2017_libro.pdf,8,pdftotext-raw,trimestre,2016-06-30,comparativo,11229092,-12023173,-794081,-2652471,-3759606,-156360,-3915966
TVN,2017-09-30,data/raw/pdf/TVN/fecu_sep_2017_libro/fecu_sep_2017_libro.pdf,6,pdfplumber,acumulado9m,2017-09-30,actual,37811376,-36709645,1101731,-7055537,-7485757,2064111,-5421646
TVN,2017-09-30,data/raw/pdf/TVN/fecu_sep_2017_libro/fecu_sep_2017_libro.pdf,6,pdfplumber,acumulado9m,2016-09-30,comparativo,32777007,-36050301,-3273294,-7090346,-11836719,1977549,-9859170
TVN,2017-09-30,data/raw/pdf/TVN/fecu_sep_2017_libro/fecu_sep_2017_libro.pdf,6,pdfplumber,trimestre,2017-09-30,actual,12568578,-11524230,1044348,-2267080,-1675875,589049,-1086826
TVN,2017-09-30,data/raw/pdf/TVN/fecu_sep_2017_libro/fecu_sep_2017_libro.pdf,6,pdfplumber,trimestre,2016-09-30,comparativo,12249761,-13768373,-1518612,-2371881,-4860560,960085,-3900475
TVN,2017-12-31,data/raw/pdf/TVN/fecu_dic_2017_libro/fecu_dic_2017_libro.pdf,8,pdftotext-raw,anual,2017-12-31,actual,51560229,-51690777,-130548,-10287876,-11904282,2924272,-8980010
TVN,2017-12-31,data/raw/pdf/TVN/fecu_dic_2017_libro/fecu_dic_2017_libro.pdf,8,pdftotext-raw,anual,2016-12-31,comparativo,48781990,-50458570,-1676580,-10691228,-14026922,-655812,-14682734
TVN,2018-03-31,data/raw/pdf/TVN/fecu_mar_2018_libro/fecu_mar_2018_libro.pdf,6,pdftotext-raw,trimestre,2018-03-31,actual,8872517,-11811315,-2938798,-1988450,-5585631,1459187,-4126444
TVN,2018-03-31,data/raw/pdf/TVN/fecu_mar_2018_libro/fecu_mar_2018_libro.pdf,6,pdftotext-raw,trimestre,2017-03-31,comparativo,11347715,-12249882,-902167,-2147889,-3533478,-70990,-3604468
TVN,2018-06-30,data/raw/pdf/TVN/fecu_06_2018_libro/fecu_06_2018_libro.pdf,8,pdfplumber,semestre,2018-06-30,actual,19718489,-23744957,-4026468,-4554216,-10054098,1029506,-9024592
TVN,2018-06-30,data/raw/pdf/TVN/fecu_06_2018_libro/fecu_06_2018_libro.pdf,8,pdfplumber,semestre,2017-06-30,comparativo,25242798,-25185415,57383,-4788457,-5809882,1475062,-4334820
TVN,2018-06-30,data/raw/pdf/TVN/fecu_06_2018_libro/fecu_06_2018_libro.pdf,8,pdfplumber,trimestre,2018-06-30,actual,10845972,-11933642,-1087670,-2565766,-4468467,-429681,-4898148
TVN,2018-06-30,data/raw/pdf/TVN/fecu_06_2018_libro/fecu_06_2018_libro.pdf,8,pdfplumber,trimestre,2017-06-30,comparativo,13895083,-12935533,959550,-2640568,-2276404,1546052,-730352
TVN,2018-09-30,data/raw/pdf/TVN/fecu_tvn_09_2018_libro/fecu_tvn_09_2018_libro.pdf,6,pdfplumber,acumulado9m,2018-09-30,actual,31002968,-34051629,-3048661,-6694876,-11950672,791418,-11159254
TVN,2018-09-30,data/raw/pdf/TVN/fecu_tvn_09_2018_libro/fecu_tvn_09_2018_libro.pdf,6,pdfplumber,acumulado9m,2017-09-30,comparativo,37811376,-36709645,1101731,-7055537,-7485757,2064111,-5421646
TVN,2018-09-30,data/raw/pdf/TVN/fecu_tvn_09_2018_libro/fecu_tvn_09_2018_libro.pdf,6,pdfplumber,trimestre,2018-09-30,actual,11284479,-10306672,977807,-2140660,-1896574,-238088,-2134662
TVN,2018-09-30,data/raw/pdf/TVN/fecu_tvn_09_2018_libro/fecu_tvn_09_2018_libro.pdf,6,pdfplumber,trimestre,2017-09-30,comparativo,12568578,-11524230,1044348,-2267080,-1675875,589049,-1086826
TVN,2018-12-31,data/raw/pdf/TVN/Fecu_tvn_dic_18_libro/Fecu_tvn_dic_18_libro.pdf,8,pdfplumber,anual,2018-12-30,actual,44368494,-45339669,-971175,-9760667,-13434985,3512932,-9922053
TVN,2018-12-31,data/raw/pdf/TVN/Fecu_tvn_dic_18_libro/Fecu_tvn_dic_18_libro.pdf,8,pdfplumber,anual,2017-12-30,comparativo,51560229,-51690777,-130548,-10287876,-11904282,2924272,-8980010
TVN,2019-03-31,data/raw/pdf/TVN/FECU_TVN_0319_LIBRO/FECU_TVN_0319_LIBRO.pdf,6,pdfplumber,trimestre,2019-03-31,actual,11963197,-13089896,-1126699,-1932539,-4029753,993163,-3036590
TVN,2019-03-31,data/raw/pdf/TVN/FECU_TVN_0319_LIBRO/FECU_TVN_0319_LIBRO.pdf,6,pdfplumber,trimestre,2018-03-31,comparativo,8872517,-11811315,-2938798,-1988450,-5585631,1459187,-4126444
TVN,2019-09-30,data/raw/pdf/TVN/816898005_eef_0919_libro/816898005_eef_0919_libro.pdf,6,pdfplumber,acumulado9m,2019-09-30,actual,33280235,-35422647,-2142412,-7963002,-11919758,3521361,-8398397
TVN,2019-09-30,data/raw/pdf/TVN/816898005_eef_0919_libro/816898005_eef_0919_libro.pdf,6,pdfplumber,acumulado9m,2018-09-30,comparativo,31002968,-31818419,-815451,-8913308,-11950672,791418,-11159254
TVN,2019-09-30,data/raw/pdf/TVN/816898005_eef_0919_libro/816898005_eef_0919_libro.pdf,6,pdfplumber,trimestre,2019-09-30,actual,9796292,-11984584,-2188292,-2678342,-4869766,1369911,-3499855
TVN,2019-09-30,data/raw/pdf/TVN/816898005_eef_0919_libro/816898005_eef_0919_libro.pdf,6,pdfplumber,trimestre,2018-09-30,comparativo,11284479,-9612000,1672479,-2831593,-1896574,-238088,-2134662
TVN,2019-12-31,data/raw/pdf/TVN/fecu dic 2019 libro/fecu dic 2019 libro.pdf,10,pdftotext-raw,anual,2019-12-31,actual,41193889,-47093417,-5899528,-8955312,-17232033,5049937,-12182096
TVN,2019-12-31,data/raw/pdf/TVN/fecu dic 2019 libro/fecu dic 2019 libro.pdf,10,pdftotext-raw,anual,2018-12-31,comparativo,44368494,-45339669,-971175,-9760667,-13434985,3512932,-9922053
TVN,2020-03-31,data/raw/pdf/TVN/Libro-TVN-03-2020/Libro-TVN-03-2020.pdf,6,ocr300,trimestre,2020-03-31,actual,9906890,-11178820,-1271930,-1923111,-2583821,1114646,-1469175
TVN,2020-03-31,data/raw/pdf/TVN/Libro-TVN-03-2020/Libro-TVN-03-2020.pdf,6,ocr300,trimestre,2019-03-31,comparativo,11963197,-13015146,-1051949,-1999104,-4029753,993163,-3036590
TVN,2020-06-30,data/raw/pdf/TVN/fecu-tvn-06-2020-LIBRO/fecu-tvn-06-2020-LIBRO.pdf,10,pdfplumber,semestre,2020-06-30,actual,17622514,-19569337,-1946823,-4057668,-6736751,2280095,-4456656
TVN,2020-06-30,data/raw/pdf/TVN/fecu-tvn-06-2020-LIBRO/fecu-tvn-06-2020-LIBRO.pdf,10,pdfplumber,semestre,2019-06-30,comparativo,23483943,-24429338,-945395,-4293385,-7049992,2151450,-4898542
TVN,2020-06-30,data/raw/pdf/TVN/fecu-tvn-06-2020-LIBRO/fecu-tvn-06-2020-LIBRO.pdf,10,pdfplumber,trimestre,2020-06-30,actual,7715624,-8390517,-674893,-2134557,-4152930,1165449,-2987481
TVN,2020-06-30,data/raw/pdf/TVN/fecu-tvn-06-2020-LIBRO/fecu-tvn-06-2020-LIBRO.pdf,10,pdfplumber,trimestre,2019-06-30,comparativo,11520746,-11414192,106554,-2294281,-3020239,1158287,-1861952
TVN,2020-09-30,data/raw/pdf/TVN/fecu-septiembre-2020/fecu-septiembre-2020.pdf,6,pdfplumber,acumulado9m,2020-09-30,actual,27231267,-26286465,944802,-5883380,-6548618,2350294,-4198324
TVN,2020-09-30,data/raw/pdf/TVN/fecu-septiembre-2020/fecu-septiembre-2020.pdf,6,pdfplumber,acumulado9m,2019-09-30,comparativo,33280235,-36872394,-3592159,-6513255,-11919758,3521361,-8398397
TVN,2020-09-30,data/raw/pdf/TVN/fecu-septiembre-2020/fecu-septiembre-2020.pdf,6,pdfplumber,trimestre,2020-09-30,actual,9608753,-6717128,2891625,-1825712,188133,70199,258332
TVN,2020-09-30,data/raw/pdf/TVN/fecu-septiembre-2020/fecu-septiembre-2020.pdf,6,pdfplumber,trimestre,2019-09-30,comparativo,9796292,-12443056,-2646764,-2219870,-4869766,1369911,-3499855
TVN,2020-12-31,data/raw/pdf/TVN/Librodic2021 81689800_eeff_aud/Librodic2021 81689800_eeff_aud.pdf,8,pdftotext-raw,anual,2020-12-31,actual,41267734,-32886903,8380831,-7852650,-142591,1042916,900325
TVN,2020-12-31,data/raw/pdf/TVN/Librodic2021 81689800_eeff_aud/Librodic2021 81689800_eeff_aud.pdf,8,pdftotext-raw,anual,2019-12-31,comparativo,41193889,-47093417,-5899528,-8955312,-17232033,5049937,-12182096
TVN,2021-03-31,data/raw/pdf/TVN/fecu_03_21_libro/fecu_03_21_libro.pdf,6,pdfplumber,trimestre,2021-03-31,actual,10132346,-6391514,3740832,-1630039,998826,285698,1284524
TVN,2021-03-31,data/raw/pdf/TVN/fecu_03_21_libro/fecu_03_21_libro.pdf,6,pdfplumber,trimestre,2020-03-31,comparativo,10234534,-11178820,-944286,-1923111,-2583821,1114646,-1469175
TVN,2021-06-30,data/raw/pdf/TVN/FECUTVNLIBROJUNIO2021/FECUTVNLIBROJUNIO2021.pdf,10,pdfplumber,semestre,2021-06-30,actual,22821998,-14037087,8784911,-3822658,1832100,547878,2379978
TVN,2021-06-30,data/raw/pdf/TVN/FECUTVNLIBROJUNIO2021/FECUTVNLIBROJUNIO2021.pdf,10,pdfplumber,semestre,2020-06-30,comparativo,17955410,-19569337,-1613927,-4057668,-6736751,2280095,-4456656
TVN,2021-06-30,data/raw/pdf/TVN/FECUTVNLIBROJUNIO2021/FECUTVNLIBROJUNIO2021.pdf,10,pdfplumber,trimestre,2021-06-30,actual,12689652,-7645573,5044079,-2192619,833274,262180,1095454
TVN,2021-06-30,data/raw/pdf/TVN/FECUTVNLIBROJUNIO2021/FECUTVNLIBROJUNIO2021.pdf,10,pdfplumber,trimestre,2020-06-30,comparativo,7720876,-8390517,-669641,-2134557,-4152930,1165449,-2987481
TVN,2021-09-30,data/raw/pdf/TVN/LIBRO_EEFF-09-2021/LIBRO_EEFF-09-2021.pdf,6,pdfplumber,acumulado9m,2021-09-30,actual,37260528,-22802064,14458464,-6282500,4601470,860063,5461533
TVN,2021-09-30,data/raw/pdf/TVN/LIBRO_EEFF-09-2021/LIBRO_EEFF-09-2021.pdf,6,pdfplumber,acumulado9m,2020-09-30,comparativo,27231267,-26286465,944802,-5883380,-6548618,2350294,-4198324
TVN,2021-09-30,data/raw/pdf/TVN/LIBRO_EEFF-09-2021/LIBRO_EEFF-09-2021.pdf,6,pdfplumber,trimestre,2021-09-30,actual,14438530,-8764977,5673553,-2459842,2769370,312185,3081555
TVN,2021-09-30,data/raw/pdf/TVN/LIBRO_EEFF-09-2021/LIBRO_EEFF-09-2021.pdf,6,pdfplumber,trimestre,2020-09-30,comparativo,9275857,-6717128,2558729,-1825712,188133,70199,258332
TVN,2021-12-31,data/raw/pdf/TVN/LIBROFECUTVNDIC2021/LIBROFECUTVNDIC2021.pdf,10,pdftotext-raw,anual,2021-12-31,actual,55389010,-31913457,23475553,-9474838,7488204,808439,8296643
TVN,2021-12-31,data/raw/pdf/TVN/LIBROFECUTVNDIC2021/LIBROFECUTVNDIC2021.pdf,10,pdftotext-raw,anual,2020-12-31,comparativo,41267734,-32886903,8380831,-7852650,-142591,1042916,900325
TVN,2022-03-31,data/raw/pdf/TVN/FECUTVN03_2022/FECUTVN03_2022.pdf,6,pdfplumber,trimestre,2022-03-31,actual,12283407,-8994384,3289023,-2010290,-335362,845122,509760
TVN,2022-03-31,data/raw/pdf/TVN/FECUTVN03_2022/FECUTVN03_2022.pdf,6,pdfplumber,trimestre,2021-03-31,comparativo,10132346,-6391514,3740832,-1630039,998826,285698,1284524
TVN,2022-06-30,data/raw/pdf/TVN/fecutvnjunio2022/fecutvnjunio2022.pdf,10,pdfplumber,semestre,2022-06-30,actual,26453322,-19890767,6562555,-4569698,-2109780,3067987,958207
TVN,2022-06-30,data/raw/pdf/TVN/fecutvnjunio2022/fecutvnjunio2022.pdf,10,pdfplumber,semestre,2021-06-30,comparativo,22821998,-14037087,8784911,-3822658,1832100,547878,2379978
TVN,2022-06-30,data/raw/pdf/TVN/fecutvnjunio2022/fecutvnjunio2022.pdf,10,pdfplumber,trimestre,2022-06-30,actual,14169915,-10896383,3273532,-2559408,-1774418,2222865,448447
TVN,2022-06-30,data/raw/pdf/TVN/fecutvnjunio2022/fecutvnjunio2022.pdf,10,pdfplumber,trimestre,2021-06-30,comparativo,12689652,-7645573,5044079,-2192619,833274,262180,1095454
TVN,2022-09-30,data/raw/pdf/TVN/LIBRO_FECU_TVN_09_22/LIBRO_FECU_TVN_09_22.pdf,6,pdfplumber,acumulado9m,2022-09-30,actual,39863649,-30011969,9851680,-6883159,-2406604,4018971,1612367
TVN,2022-09-30,data/raw/pdf/TVN/LIBRO_FECU_TVN_09_22/LIBRO_FECU_TVN_09_22.pdf,6,pdfplumber,acumulado9m,2021-09-30,comparativo,37260528,-22802064,14458464,-6282500,4601470,860063,5461533
TVN,2022-09-30,data/raw/pdf/TVN/LIBRO_FECU_TVN_09_22/LIBRO_FECU_TVN_09_22.pdf,6,pdfplumber,trimestre,2022-09-30,actual,13410327,-10121202,3289125,-2313461,-296824,950984,654160
TVN,2022-09-30,data/raw/pdf/TVN/LIBRO_FECU_TVN_09_22/LIBRO_FECU_TVN_09_22.pdf,6,pdfplumber,trimestre,2021-09-30,comparativo,14438530,-8764977,5673553,-2459842,2769370,312185,3081555
TVN,2022-12-31,data/raw/pdf/TVN/Fecu_tvn_2022_dec/Fecu_tvn_2022_dec.pdf,10,pdftotext-raw,anual,2022-12-31,actual,55699724,-42806252,12893472,-9823174,-1719044,4737315,3018271
TVN,2022-12-31,data/raw/pdf/TVN/Fecu_tvn_2022_dec/Fecu_tvn_2022_dec.pdf,10,pdftotext-raw,anual,2021-12-31,comparativo,55389010,-31913457,23475553,-9474838,7488204,808439,8296643
TVN,2023-03-31,data/raw/pdf/TVN/LIBRO_EEFF_032023_816898005/LIBRO_EEFF_032023_816898005.pdf,6,pdfplumber,trimestre,2023-03-31,actual,13335225,-13628356,-293131,-2081164,-2457019,930955,-1526064
TVN,2023-03-31,data/raw/pdf/TVN/LIBRO_EEFF_032023_816898005/LIBRO_EEFF_032023_816898005.pdf,6,pdfplumber,trimestre,2022-03-31,comparativo,12283407,-8994384,3289023,-2010290,-335362,845122,509760
TVN,2023-06-30,data/raw/pdf/TVN/Libro_FECU_30_06_2023/Libro_FECU_30_06_2023.pdf,8,ocr300,semestre,2023-06-30,actual,26516136,-25274975,1241161,-4932913,-4256051,1863670,-2392381
TVN,2023-06-30,data/raw/pdf/TVN/Libro_FECU_30_06_2023/Libro_FECU_30_06_2023.pdf,8,ocr300,semestre,2022-06-30,comparativo,26453322,-19890767,6562555,-6390446,-2109780,3067987,958207
TVN,2023-06-30,data/raw/pdf/TVN/Libro_FECU_30_06_2023/Libro_FECU_30_06_2023.pdf,8,ocr300,trimestre,2023-06-30,actual,13180911,-11646619,1534292,-2851749,-1799032,932715,-866317
TVN,2023-06-30,data/raw/pdf/TVN/Libro_FECU_30_06_2023/Libro_FECU_30_06_2023.pdf,8,ocr300,trimestre,2022-06-30,comparativo,14169915,-10896383,3273532,-4380156,-1774418,2222865,448447
TVN,2023-09-30,data/raw/pdf/TVN/LIBRO_EEFF_816898005_09_23/LIBRO_EEFF_816898005_09_23.pdf,6,pdfplumber,acumulado9m,2023-09-30,actual,38082608,-36250297,1832311,-8158129,-6604817,1872635,-4732182
TVN,2023-09-30,data/raw/pdf/TVN/LIBRO_EEFF_816898005_09_23/LIBRO_EEFF_816898005_09_23.pdf,6,pdfplumber,acumulado9m,2022-09-30,comparativo,39863649,-30011969,9851680,-8891360,-2406604,4018971,1612367
TVN,2023-09-30,data/raw/pdf/TVN/LIBRO_EEFF_816898005_09_23/LIBRO_EEFF_816898005_09_23.pdf,6,pdfplumber,trimestre,2023-09-30,actual,11566472,-10975322,591150,-3225216,-2348766,8965,-2339801
TVN,2023-09-30,data/raw/pdf/TVN/LIBRO_EEFF_816898005_09_23/LIBRO_EEFF_816898005_09_23.pdf,6,pdfplumber,trimestre,2022-09-30,comparativo,13410327,-10121202,3289125,-2500914,-296824,950984,654160
TVN,2024-03-31,data/raw/pdf/TVN/2024-03-Estados-Financieros-TVN/2024-03-Estados-Financieros-TVN.pdf,6,pdfplumber,trimestre,2024-03-31,actual,12089545,-14475847,-2386302,-2979983,-5703842,0,-5703842
TVN,2024-03-31,data/raw/pdf/TVN/2024-03-Estados-Financieros-TVN/2024-03-Estados-Financieros-TVN.pdf,6,pdfplumber,trimestre,2023-03-31,comparativo,13335225,-13628356,-293131,-1847539,-2457019,930955,-1526064
TVN,2024-06-30,data/raw/pdf/TVN/2024-06-Estados-Financieros-TVN/2024-06-Estados-Financieros-TVN.pdf,8,pdftotext-raw,semestre,2024-06-30,actual,23163911,-28113904,-4949993,-5130570,-10882040,0,-10882040
TVN,2024-06-30,data/raw/pdf/TVN/2024-06-Estados-Financieros-TVN/2024-06-Estados-Financieros-TVN.pdf,8,pdftotext-raw,semestre,2023-06-30,comparativo,26516136,-25274975,1241161,-4932913,-4256051,1863670,-2392381
TVN,2024-06-30,data/raw/pdf/TVN/2024-06-Estados-Financieros-TVN/2024-06-Estados-Financieros-TVN.pdf,8,pdftotext-raw,trimestre,2024-06-30,actual,11074366,-13638057,-2563691,-2150587,-5178198,0,-5178198
TVN,2024-06-30,data/raw/pdf/TVN/2024-06-Estados-Financieros-TVN/2024-06-Estados-Financieros-TVN.pdf,8,pdftotext-raw,trimestre,2023-06-30,comparativo,13180911,-11646619,1534292,-2851749,-1799032,932715,-866317
TVN,2024-09-30,data/raw/pdf/TVN/2024-09-Estados-Financieros-TVN/2024-09-Estados-Financieros-TVN.pdf,6,pdftotext-raw,acumulado9m,2024-09-30,actual,33933490,-41410915,-7477425,-7649414,-16423268,0,-16423268
TVN,2024-09-30,data/raw/pdf/TVN/2024-09-Estados-Financieros-TVN/2024-09-Estados-Financieros-TVN.pdf,6,pdftotext-raw,acumulado9m,2023-09-30,comparativo,38082608,-36250297,1832311,-8158129,-6604817,1872635,-4732182
TVN,2024-09-30,data/raw/pdf/TVN/2024-09-Estados-Financieros-TVN/2024-09-Estados-Financieros-TVN.pdf,6,pdftotext-raw,trimestre,2024-09-30,actual,10769579,-13297011,-2527432,-2518844,-5541228,0,-5541228
TVN,2024-09-30,data/raw/pdf/TVN/2024-09-Estados-Financieros-TVN/2024-09-Estados-Financieros-TVN.pdf,6,pdftotext-raw,trimestre,2023-09-30,comparativo,11566472,-10975322,591150,-3225216,-2348766,8965,-2339801
TVN,2024-12-31,data/raw/pdf/TVN/Estados-Financieros-TVN-31-12-2024/Estados-Financieros-TVN-31-12-2024.pdf,9,pdfplumber,anual,2024-12-31,actual,46850034,-52453731,-5603697,-10671779,-18533865,0,-18533865
TVN,2024-12-31,data/raw/pdf/TVN/Estados-Financieros-TVN-31-12-2024/Estados-Financieros-TVN-31-12-2024.pdf,9,pdfplumber,anual,2023-12-31,comparativo,52026148,-48475920,3550228,-10587995,-7362610,1863670,-5498940
TVN,2025-03-31,data/raw/pdf/TVN/1-Estados-Financieros-TVN-032025/1-Estados-Financieros-TVN-032025.pdf,6,pdfplumber,trimestre,2025-03-31,actual,10488822,-13338940,-2850118,-2234849,-5688910,0,-5688910
TVN,2025-03-31,data/raw/pdf/TVN/1-Estados-Financieros-TVN-032025/1-Estados-Financieros-TVN-032025.pdf,6,pdfplumber,trimestre,2024-03-31,comparativo,12089545,-14475847,-2386302,-2979983,-5703842,0,-5703842
TVN,2025-06-30,data/raw/pdf/TVN/Estados-Financieros-TVN-junio-2025/Estados-Financieros-TVN-junio-2025.pdf,8,pdfplumber,semestre,2025-06-30,actual,24237233,-25323127,-1085894,-5099572,-7507494,0,-7507494
TVN,2025-06-30,data/raw/pdf/TVN/Estados-Financieros-TVN-junio-2025/Estados-Financieros-TVN-junio-2025.pdf,8,pdfplumber,semestre,2024-06-30,comparativo,23163911,-28113904,-4949993,-5130570,-10882040,0,-10882040
TVN,2025-06-30,data/raw/pdf/TVN/Estados-Financieros-TVN-junio-2025/Estados-Financieros-TVN-junio-2025.pdf,8,pdfplumber,trimestre,2025-06-30,actual,13748411,-11984187,1764224,-2864723,-1818584,0,-1818584
TVN,2025-06-30,data/raw/pdf/TVN/Estados-Financieros-TVN-junio-2025/Estados-Financieros-TVN-junio-2025.pdf,8,pdfplumber,trimestre,2024-06-30,comparativo,11074366,-13638057,-2563691,-2150587,-5178198,0,-5178198
TVN,2025-09-30,data/raw/pdf/TVN/Estados_Financieros_TVN-30_09_2025/Estados_Financieros_TVN-30_09_2025.pdf,6,pdftotext-raw,acumulado9m,2025-09-30,actual,35543509,-38110724,-2567215,-7534152,-11773318,0,-11773318
TVN,2025-09-30,data/raw/pdf/TVN/Estados_Financieros_TVN-30_09_2025/Estados_Financieros_TVN-30_09_2025.pdf,6,pdftotext-raw,acumulado9m,2024-09-30,comparativo,33933490,-41410915,-7477425,-7649414,-16423268,0,-16423268
TVN,2025-09-30,data/raw/pdf/TVN/Estados_Financieros_TVN-30_09_2025/Estados_Financieros_TVN-30_09_2025.pdf,6,pdftotext-raw,trimestre,2025-09-30,actual,11306276,-12787597,-1481321,-2434580,-4265824,0,-4265824
TVN,2025-09-30,data/raw/pdf/TVN/Estados_Financieros_TVN-30_09_2025/Estados_Financieros_TVN-30_09_2025.pdf,6,pdftotext-raw,trimestre,2024-09-30,comparativo,10769579,-13297011,-2527432,-2518844,-5541228,0,-5541228
TVN,2026-03-31,data/raw/pdf/TVN/Estados-Financieros-TVN-03-2026/Estados-Financieros-TVN-03-2026.pdf,6,pdftotext-raw,trimestre,2026-03-31,actual,10801240,-12531725,-1730485,-2230874,-3818055,0,-3818055
TVN,2026-03-31,data/raw/pdf/TVN/Estados-Financieros-TVN-03-2026/Estados-Financieros-TVN-03-2026.pdf,6,pdftotext-raw,trimestre,2025-03-31,comparativo,10488822,-13338940,-2850118,-2234849,-5688910,0,-5688910
TVN,2026-06-30,data/raw/pdf/TVN/Estados Financieros TVN al 06-2026/Estados Financieros TVN al 06-2026.pdf,9,pdftotext-raw,semestre,2026-06-30,actual,22291139,-23260411,-969272,-5802380,-7925668,0,-7925668
TVN,2026-06-30,data/raw/pdf/TVN/Estados Financieros TVN al 06-2026/Estados Financieros TVN al 06-2026.pdf,9,pdftotext-raw,semestre,2025-06-30,comparativo,24237233,-25323127,-1085894,-5099572,-7507494,0,-7507494
TVN,2026-06-30,data/raw/pdf/TVN/Estados Financieros TVN al 06-2026/Estados Financieros TVN al 06-2026.pdf,9,pdftotext-raw,trimestre,2026-06-30,actual,11489899,-10728686,761213,-3571506,-4107613,0,-4107613
TVN,2026-06-30,data/raw/pdf/TVN/Estados Financieros TVN al 06-2026/Estados Financieros TVN al 06-2026.pdf,9,pdftotext-raw,trimestre,2025-06-30,comparativo,13748411,-11984187,1764224,-2864723,-1818584,0,-1818584
