fuente,canal,periodo,valor_externo,valores_serie,estado
SEP,TVN,9M 2018,31002968,2018-09-30: 31002968; 2019-09-30: 31002968,coincide
SEP,TVN,9M 2019,33280235,2019-09-30: 33280235; 2020-09-30: 33280235,coincide
SEP,TVN,9M 2020,27231267,2020-09-30: 27231267; 2021-09-30: 27231267,coincide
SEP,TVN,9M 2021,37260528,2021-09-30: 37260528; 2022-09-30: 37260528,coincide
SEP,TVN,9M 2022,39863649,2022-09-30: 39863649; 2023-09-30: 39863649,coincide
SEP,TVN,9M 2023,38082608,2023-09-30: 38082608; 2024-09-30: 38082608,coincide
SEP,TVN,9M 2024,33933490,2024-09-30: 33933490; 2025-09-30: 33933490,coincide
SEP,TVN,9M 2025,35543509,2025-09-30: 35543509,coincide
SEP,TVN,FY2018,44368494,2018-12-31: 44368494; 2019-12-31: 44368494,coincide
SEP,TVN,FY2019,41193889,2019-12-31: 41193889; 2020-12-31: 41193889,coincide
SEP,TVN,FY2020,41267734,2020-12-31: 41267734; 2021-12-31: 41267734,coincide
SEP,TVN,FY2021,55389010,2021-12-31: 55389010; 2022-12-31: 55389010,coincide
SEP,TVN,FY2022,55699724,2022-12-31: 55699724; 2023-12-31: 55699724,coincide
SEP,TVN,FY2023,52026148,2023-12-31: 52026148; 2024-12-31: 52026148,coincide
SEP,TVN,FY2024,46850034,2024-12-31: 46850034; 2025-12-31: 46850034,coincide
SEP,TVN,H1 2018,19718489,2018-06-30: 19718489; 2019-06-30: 19718489,coincide
SEP,TVN,H1 2019,23483943,2019-06-30: 23483943; 2020-06-30: 23483943,coincide
SEP,TVN,H1 2020,17622514,2020-06-30: 17622514; 2021-06-30: 17955410,coincide
SEP,TVN,H1 2021,22821998,2021-06-30: 22821998; 2022-06-30: 22821998,coincide
SEP,TVN,H1 2022,26453322,2022-06-30: 26453322; 2023-06-30: 26453322,coincide
SEP,TVN,H1 2023,26516136,2023-06-30: 26516136; 2024-06-30: 26516136,coincide
SEP,TVN,H1 2024,23163911,2024-06-30: 23163911; 2025-06-30: 23163911,coincide
SEP,TVN,H1 2025,24237233,2025-06-30: 24237233; 2026-06-30: 24237233,coincide
SEP,TVN,Q1 2018,8872517,2018-03-31: 8872517; 2019-03-31: 8872517,coincide
SEP,TVN,Q1 2019,11963197,2019-03-31: 11963197; 2020-03-31: 11963197,coincide
SEP,TVN,Q1 2020,9906890,2020-03-31: 9906890; 2021-03-31: 10234534,coincide
SEP,TVN,Q1 2021,10132346,2021-03-31: 10132346; 2022-03-31: 10132346,coincide
SEP,TVN,Q1 2022,12283407,2022-03-31: 12283407; 2023-03-31: 12283407,coincide
SEP,TVN,Q1 2023,13335225,2023-03-31: 13335225; 2024-03-31: 13335225,coincide
SEP,TVN,Q1 2024,12089545,2024-03-31: 12089545; 2025-03-31: 12089545,coincide
SEP,TVN,Q1 2025,10488822,2025-03-31: 10488822; 2026-03-31: 10488822,coincide
AAM (contexto),6 canales CMF,FY2024,228097000,publicidad: 238767886,contexto: la publicidad de los 6 canales equivale al 104.7% de la inversión neta en TV abierta según la AAM (p. 19)
AAM (contexto),6 canales CMF,FY2025,229782000,publicidad: 242083100,contexto: la publicidad de los 6 canales equivale al 105.4% de la inversión neta en TV abierta según la AAM (p. 18)
